identifier	category	corpus_exposure	runtime_dispatch	value_law	manual_citation
$ENGINE_PAR_TUNE	Instrument, Source and Amplifier Module	9	conditional specialized	(v-500000)*36/500000 semitones	https://docs.native-instruments.com/ni-tech-manuals/ksp-manual/en/engine-parameters#instrument--source-and-amplifier-module
$ENGINE_PAR_PAN	Instrument, Source and Amplifier Module	2736	conditional specialized	(v-500000)/500000 balance	https://docs.native-instruments.com/ni-tech-manuals/ksp-manual/en/engine-parameters#instrument--source-and-amplifier-module
$ENGINE_PAR_VOLUME	Instrument, Source and Amplifier Module	2741	conditional specialized	18*log2(v)-346.768234 dB; v=0 incorrectly clamped to 1	https://docs.native-instruments.com/ni-tech-manuals/ksp-manual/en/engine-parameters#instrument--source-and-amplifier-module
$ENGINE_PAR_PHASE_INVERT	Instrument, Source and Amplifier Module	0	mirror/outbox; no engine consumer	no applied value law	https://docs.native-instruments.com/ni-tech-manuals/ksp-manual/en/engine-parameters#instrument--source-and-amplifier-module
$ENGINE_PAR_LR_SWAP	Instrument, Source and Amplifier Module	0	mirror/outbox; no engine consumer	no applied value law	https://docs.native-instruments.com/ni-tech-manuals/ksp-manual/en/engine-parameters#instrument--source-and-amplifier-module
$ENGINE_PAR_POST_FX_SLOT	Instrument, Source and Amplifier Module	0	mirror/outbox; no engine consumer	no applied value law	https://docs.native-instruments.com/ni-tech-manuals/ksp-manual/en/engine-parameters#instrument--source-and-amplifier-module
$ENGINE_PAR_OUTPUT_CHANNEL	Instrument, Source and Amplifier Module	2733	mirror/outbox; no engine consumer	no applied value law	https://docs.native-instruments.com/ni-tech-manuals/ksp-manual/en/engine-parameters#instrument--source-and-amplifier-module
$ENGINE_PAR_VOICE_GROUP	Instrument, Source and Amplifier Module	0	mirror/outbox; no engine consumer	no applied value law	https://docs.native-instruments.com/ni-tech-manuals/ksp-manual/en/engine-parameters#instrument--source-and-amplifier-module
$ENGINE_PAR_SOURCE_MODE	Instrument, Source and Amplifier Module	0	mirror/outbox; no engine consumer	no applied value law	https://docs.native-instruments.com/ni-tech-manuals/ksp-manual/en/engine-parameters#instrument--source-and-amplifier-module
$ENGINE_PAR_TRACKING	Instrument, Source and Amplifier Module	0	mirror/outbox; no engine consumer	no applied value law	https://docs.native-instruments.com/ni-tech-manuals/ksp-manual/en/engine-parameters#instrument--source-and-amplifier-module
$ENGINE_PAR_HQI_MODE	Instrument, Source and Amplifier Module	0	mirror/outbox; no engine consumer	no applied value law	https://docs.native-instruments.com/ni-tech-manuals/ksp-manual/en/engine-parameters#instrument--source-and-amplifier-module
$ENGINE_PAR_SMOOTH	Instrument, Source and Amplifier Module	0	mirror/outbox; no engine consumer	no applied value law	https://docs.native-instruments.com/ni-tech-manuals/ksp-manual/en/engine-parameters#instrument--source-and-amplifier-module
$ENGINE_PAR_FORMANT	Instrument, Source and Amplifier Module	0	mirror/outbox; no engine consumer	no applied value law	https://docs.native-instruments.com/ni-tech-manuals/ksp-manual/en/engine-parameters#instrument--source-and-amplifier-module
$ENGINE_PAR_SPEED	Instrument, Source and Amplifier Module	0	mirror/outbox; no engine consumer	no applied value law	https://docs.native-instruments.com/ni-tech-manuals/ksp-manual/en/engine-parameters#instrument--source-and-amplifier-module
$ENGINE_PAR_GRAIN_LENGTH	Instrument, Source and Amplifier Module	0	mirror/outbox; no engine consumer	no applied value law	https://docs.native-instruments.com/ni-tech-manuals/ksp-manual/en/engine-parameters#instrument--source-and-amplifier-module
$ENGINE_PAR_SLICE_ATTACK	Instrument, Source and Amplifier Module	0	mirror/outbox; no engine consumer	no applied value law	https://docs.native-instruments.com/ni-tech-manuals/ksp-manual/en/engine-parameters#instrument--source-and-amplifier-module
$ENGINE_PAR_SLICE_RELEASE	Instrument, Source and Amplifier Module	0	mirror/outbox; no engine consumer	no applied value law	https://docs.native-instruments.com/ni-tech-manuals/ksp-manual/en/engine-parameters#instrument--source-and-amplifier-module
$ENGINE_PAR_TRANSIENT_SIZE	Instrument, Source and Amplifier Module	0	mirror/outbox; no engine consumer	no applied value law	https://docs.native-instruments.com/ni-tech-manuals/ksp-manual/en/engine-parameters#instrument--source-and-amplifier-module
$ENGINE_PAR_ENVELOPE_ORDER	Instrument, Source and Amplifier Module	0	mirror/outbox; no engine consumer	no applied value law	https://docs.native-instruments.com/ni-tech-manuals/ksp-manual/en/engine-parameters#instrument--source-and-amplifier-module
$ENGINE_PAR_FORMANT_SHIFT	Instrument, Source and Amplifier Module	0	mirror/outbox; no engine consumer	no applied value law	https://docs.native-instruments.com/ni-tech-manuals/ksp-manual/en/engine-parameters#instrument--source-and-amplifier-module
$ENGINE_PAR_SPEED_UNIT	Instrument, Source and Amplifier Module	0	mirror/outbox; no engine consumer	no applied value law	https://docs.native-instruments.com/ni-tech-manuals/ksp-manual/en/engine-parameters#instrument--source-and-amplifier-module
$ENGINE_PAR_TM_LEGATO	Instrument, Source and Amplifier Module	0	mirror/outbox; no engine consumer	no applied value law	https://docs.native-instruments.com/ni-tech-manuals/ksp-manual/en/engine-parameters#instrument--source-and-amplifier-module
$ENGINE_PAR_TMPRO_KEEP_FORMANTS	Instrument, Source and Amplifier Module	0	mirror/outbox; no engine consumer	no applied value law	https://docs.native-instruments.com/ni-tech-manuals/ksp-manual/en/engine-parameters#instrument--source-and-amplifier-module
$ENGINE_PAR_WT_POSITION	Instrument, Source and Amplifier Module	2	mirror/outbox; no engine consumer	no applied value law	https://docs.native-instruments.com/ni-tech-manuals/ksp-manual/en/engine-parameters#instrument--source-and-amplifier-module
$ENGINE_PAR_WT_FORM	Instrument, Source and Amplifier Module	2	mirror/outbox; no engine consumer	no applied value law	https://docs.native-instruments.com/ni-tech-manuals/ksp-manual/en/engine-parameters#instrument--source-and-amplifier-module
$ENGINE_PAR_WT_FORM2	Instrument, Source and Amplifier Module	2	mirror/outbox; no engine consumer	no applied value law	https://docs.native-instruments.com/ni-tech-manuals/ksp-manual/en/engine-parameters#instrument--source-and-amplifier-module
$ENGINE_PAR_WT_PHASE	Instrument, Source and Amplifier Module	1	mirror/outbox; no engine consumer	no applied value law	https://docs.native-instruments.com/ni-tech-manuals/ksp-manual/en/engine-parameters#instrument--source-and-amplifier-module
$ENGINE_PAR_WT_PHASE_RAND	Instrument, Source and Amplifier Module	1	mirror/outbox; no engine consumer	no applied value law	https://docs.native-instruments.com/ni-tech-manuals/ksp-manual/en/engine-parameters#instrument--source-and-amplifier-module
$ENGINE_PAR_WT_QUALITY	Instrument, Source and Amplifier Module	0	mirror/outbox; no engine consumer	no applied value law	https://docs.native-instruments.com/ni-tech-manuals/ksp-manual/en/engine-parameters#instrument--source-and-amplifier-module
$ENGINE_PAR_WT_FORM_MODE	Instrument, Source and Amplifier Module	2	mirror/outbox; no engine consumer	no applied value law	https://docs.native-instruments.com/ni-tech-manuals/ksp-manual/en/engine-parameters#instrument--source-and-amplifier-module
$ENGINE_PAR_WT_FORM2_MODE	Instrument, Source and Amplifier Module	2	mirror/outbox; no engine consumer	no applied value law	https://docs.native-instruments.com/ni-tech-manuals/ksp-manual/en/engine-parameters#instrument--source-and-amplifier-module
$ENGINE_PAR_WT_INHARMONIC_MODE	Instrument, Source and Amplifier Module	1	mirror/outbox; no engine consumer	no applied value law	https://docs.native-instruments.com/ni-tech-manuals/ksp-manual/en/engine-parameters#instrument--source-and-amplifier-module
$ENGINE_PAR_WT_INHARMONIC	Instrument, Source and Amplifier Module	2	mirror/outbox; no engine consumer	no applied value law	https://docs.native-instruments.com/ni-tech-manuals/ksp-manual/en/engine-parameters#instrument--source-and-amplifier-module
$ENGINE_PAR_WT_MOD_TYPE	Instrument, Source and Amplifier Module	2	mirror/outbox; no engine consumer	no applied value law	https://docs.native-instruments.com/ni-tech-manuals/ksp-manual/en/engine-parameters#instrument--source-and-amplifier-module
$ENGINE_PAR_WT_MOD_WAVE	Instrument, Source and Amplifier Module	2	mirror/outbox; no engine consumer	no applied value law	https://docs.native-instruments.com/ni-tech-manuals/ksp-manual/en/engine-parameters#instrument--source-and-amplifier-module
$ENGINE_PAR_WT_MOD_TUNE	Instrument, Source and Amplifier Module	2	mirror/outbox; no engine consumer	no applied value law	https://docs.native-instruments.com/ni-tech-manuals/ksp-manual/en/engine-parameters#instrument--source-and-amplifier-module
$ENGINE_PAR_WT_MOD_TUNE_UNIT	Instrument, Source and Amplifier Module	1	mirror/outbox; no engine consumer	no applied value law	https://docs.native-instruments.com/ni-tech-manuals/ksp-manual/en/engine-parameters#instrument--source-and-amplifier-module
$ENGINE_PAR_S1200_FILTER_MODE	Instrument, Source and Amplifier Module	0	mirror/outbox; no engine consumer	no applied value law	https://docs.native-instruments.com/ni-tech-manuals/ksp-manual/en/engine-parameters#instrument--source-and-amplifier-module
$ENGINE_PAR_CUTOFF	Filters and EQs	9	mirror/outbox; no engine consumer	no applied value law	https://docs.native-instruments.com/ni-tech-manuals/ksp-manual/en/engine-parameters#filters-and-eqs
$ENGINE_PAR_RESONANCE	Filters and EQs	6	mirror/outbox; no engine consumer	no applied value law	https://docs.native-instruments.com/ni-tech-manuals/ksp-manual/en/engine-parameters#filters-and-eqs
$ENGINE_PAR_EFFECT_BYPASS	Filters and EQs	725	conditional specialized	v != 0; no runtime get mirror update	https://docs.native-instruments.com/ni-tech-manuals/ksp-manual/en/engine-parameters#filters-and-eqs
$ENGINE_PAR_GAIN	Filters and EQs	1	mirror/outbox; no engine consumer	no applied value law	https://docs.native-instruments.com/ni-tech-manuals/ksp-manual/en/engine-parameters#filters-and-eqs
$ENGINE_PAR_FILTER_LADDER_HQ	Filters and EQs	0	mirror/outbox; no engine consumer	no applied value law	https://docs.native-instruments.com/ni-tech-manuals/ksp-manual/en/engine-parameters#filters-and-eqs
$ENGINE_PAR_FILTER_FM	Filters and EQs	0	mirror/outbox; no engine consumer	no applied value law	https://docs.native-instruments.com/ni-tech-manuals/ksp-manual/en/engine-parameters#filters-and-eqs
$ENGINE_PAR_BANDWIDTH	Filters and EQs	1	mirror/outbox; no engine consumer	no applied value law	https://docs.native-instruments.com/ni-tech-manuals/ksp-manual/en/engine-parameters#filters-and-eqs
$ENGINE_PAR_FILTER_FEEDBACK_TYPE	Filters and EQs	0	mirror/outbox; no engine consumer	no applied value law	https://docs.native-instruments.com/ni-tech-manuals/ksp-manual/en/engine-parameters#filters-and-eqs
$ENGINE_PAR_FILTER_FEEDBACK	Filters and EQs	0	mirror/outbox; no engine consumer	no applied value law	https://docs.native-instruments.com/ni-tech-manuals/ksp-manual/en/engine-parameters#filters-and-eqs
$ENGINE_PAR_HP_CUTOFF	Filters and EQs	0	mirror/outbox; no engine consumer	no applied value law	https://docs.native-instruments.com/ni-tech-manuals/ksp-manual/en/engine-parameters#filters-and-eqs
$ENGINE_PAR_HP_RESONANCE	Filters and EQs	0	mirror/outbox; no engine consumer	no applied value law	https://docs.native-instruments.com/ni-tech-manuals/ksp-manual/en/engine-parameters#filters-and-eqs
$ENGINE_PAR_LP_CUTOFF	Filters and EQs	0	mirror/outbox; no engine consumer	no applied value law	https://docs.native-instruments.com/ni-tech-manuals/ksp-manual/en/engine-parameters#filters-and-eqs
$ENGINE_PAR_LP_RESONANCE	Filters and EQs	0	mirror/outbox; no engine consumer	no applied value law	https://docs.native-instruments.com/ni-tech-manuals/ksp-manual/en/engine-parameters#filters-and-eqs
$ENGINE_PAR_FILTER_SHIFTB	Filters and EQs	3	mirror/outbox; no engine consumer	no applied value law	https://docs.native-instruments.com/ni-tech-manuals/ksp-manual/en/engine-parameters#filters-and-eqs
$ENGINE_PAR_FILTER_SHIFTC	Filters and EQs	3	mirror/outbox; no engine consumer	no applied value law	https://docs.native-instruments.com/ni-tech-manuals/ksp-manual/en/engine-parameters#filters-and-eqs
$ENGINE_PAR_FILTER_RESB	Filters and EQs	3	mirror/outbox; no engine consumer	no applied value law	https://docs.native-instruments.com/ni-tech-manuals/ksp-manual/en/engine-parameters#filters-and-eqs
$ENGINE_PAR_FILTER_RESC	Filters and EQs	3	mirror/outbox; no engine consumer	no applied value law	https://docs.native-instruments.com/ni-tech-manuals/ksp-manual/en/engine-parameters#filters-and-eqs
$ENGINE_PAR_FILTER_TYPEA	Filters and EQs	3	mirror/outbox; no engine consumer	no applied value law	https://docs.native-instruments.com/ni-tech-manuals/ksp-manual/en/engine-parameters#filters-and-eqs
$ENGINE_PAR_FILTER_TYPEB	Filters and EQs	3	mirror/outbox; no engine consumer	no applied value law	https://docs.native-instruments.com/ni-tech-manuals/ksp-manual/en/engine-parameters#filters-and-eqs
$ENGINE_PAR_FILTER_TYPEC	Filters and EQs	3	mirror/outbox; no engine consumer	no applied value law	https://docs.native-instruments.com/ni-tech-manuals/ksp-manual/en/engine-parameters#filters-and-eqs
$ENGINE_PAR_FILTER_BYPA	Filters and EQs	3	mirror/outbox; no engine consumer	no applied value law	https://docs.native-instruments.com/ni-tech-manuals/ksp-manual/en/engine-parameters#filters-and-eqs
$ENGINE_PAR_FILTER_BYPB	Filters and EQs	3	mirror/outbox; no engine consumer	no applied value law	https://docs.native-instruments.com/ni-tech-manuals/ksp-manual/en/engine-parameters#filters-and-eqs
$ENGINE_PAR_FILTER_BYPC	Filters and EQs	3	mirror/outbox; no engine consumer	no applied value law	https://docs.native-instruments.com/ni-tech-manuals/ksp-manual/en/engine-parameters#filters-and-eqs
$ENGINE_PAR_FILTER_GAIN	Filters and EQs	3	mirror/outbox; no engine consumer	no applied value law	https://docs.native-instruments.com/ni-tech-manuals/ksp-manual/en/engine-parameters#filters-and-eqs
$ENGINE_PAR_FORMANT_TALK	Filters and EQs	2	mirror/outbox; no engine consumer	no applied value law	https://docs.native-instruments.com/ni-tech-manuals/ksp-manual/en/engine-parameters#filters-and-eqs
$ENGINE_PAR_FORMANT_SHARP	Filters and EQs	1	mirror/outbox; no engine consumer	no applied value law	https://docs.native-instruments.com/ni-tech-manuals/ksp-manual/en/engine-parameters#filters-and-eqs
$ENGINE_PAR_FORMANT_SIZE	Filters and EQs	2	mirror/outbox; no engine consumer	no applied value law	https://docs.native-instruments.com/ni-tech-manuals/ksp-manual/en/engine-parameters#filters-and-eqs
$ENGINE_PAR_FREQ1	Filters and EQs	2	mirror/outbox; no engine consumer	no applied value law	https://docs.native-instruments.com/ni-tech-manuals/ksp-manual/en/engine-parameters#filters-and-eqs
$ENGINE_PAR_BW1	Filters and EQs	1	mirror/outbox; no engine consumer	no applied value law	https://docs.native-instruments.com/ni-tech-manuals/ksp-manual/en/engine-parameters#filters-and-eqs
$ENGINE_PAR_GAIN1	Filters and EQs	2	mirror/outbox; no engine consumer	no applied value law	https://docs.native-instruments.com/ni-tech-manuals/ksp-manual/en/engine-parameters#filters-and-eqs
$ENGINE_PAR_FREQ2	Filters and EQs	2	mirror/outbox; no engine consumer	no applied value law	https://docs.native-instruments.com/ni-tech-manuals/ksp-manual/en/engine-parameters#filters-and-eqs
$ENGINE_PAR_BW2	Filters and EQs	1	mirror/outbox; no engine consumer	no applied value law	https://docs.native-instruments.com/ni-tech-manuals/ksp-manual/en/engine-parameters#filters-and-eqs
$ENGINE_PAR_GAIN2	Filters and EQs	2	mirror/outbox; no engine consumer	no applied value law	https://docs.native-instruments.com/ni-tech-manuals/ksp-manual/en/engine-parameters#filters-and-eqs
$ENGINE_PAR_FREQ3	Filters and EQs	1	mirror/outbox; no engine consumer	no applied value law	https://docs.native-instruments.com/ni-tech-manuals/ksp-manual/en/engine-parameters#filters-and-eqs
$ENGINE_PAR_BW3	Filters and EQs	1	mirror/outbox; no engine consumer	no applied value law	https://docs.native-instruments.com/ni-tech-manuals/ksp-manual/en/engine-parameters#filters-and-eqs
$ENGINE_PAR_GAIN3	Filters and EQs	1	mirror/outbox; no engine consumer	no applied value law	https://docs.native-instruments.com/ni-tech-manuals/ksp-manual/en/engine-parameters#filters-and-eqs
$ENGINE_PAR_SEQ_HP	Filters and EQs	0	mirror/outbox; no engine consumer	no applied value law	https://docs.native-instruments.com/ni-tech-manuals/ksp-manual/en/engine-parameters#filters-and-eqs
$ENGINE_PAR_SEQ_HP_FREQ	Filters and EQs	0	mirror/outbox; no engine consumer	no applied value law	https://docs.native-instruments.com/ni-tech-manuals/ksp-manual/en/engine-parameters#filters-and-eqs
$ENGINE_PAR_SEQ_LF_GAIN	Filters and EQs	4	mirror/outbox; no engine consumer	no applied value law	https://docs.native-instruments.com/ni-tech-manuals/ksp-manual/en/engine-parameters#filters-and-eqs
$ENGINE_PAR_SEQ_LF_FREQ	Filters and EQs	4	mirror/outbox; no engine consumer	no applied value law	https://docs.native-instruments.com/ni-tech-manuals/ksp-manual/en/engine-parameters#filters-and-eqs
$ENGINE_PAR_SEQ_LF_BELL	Filters and EQs	3	mirror/outbox; no engine consumer	no applied value law	https://docs.native-instruments.com/ni-tech-manuals/ksp-manual/en/engine-parameters#filters-and-eqs
$ENGINE_PAR_SEQ_LMF_GAIN	Filters and EQs	3	mirror/outbox; no engine consumer	no applied value law	https://docs.native-instruments.com/ni-tech-manuals/ksp-manual/en/engine-parameters#filters-and-eqs
$ENGINE_PAR_SEQ_LMF_FREQ	Filters and EQs	3	mirror/outbox; no engine consumer	no applied value law	https://docs.native-instruments.com/ni-tech-manuals/ksp-manual/en/engine-parameters#filters-and-eqs
$ENGINE_PAR_SEQ_LMF_Q	Filters and EQs	3	mirror/outbox; no engine consumer	no applied value law	https://docs.native-instruments.com/ni-tech-manuals/ksp-manual/en/engine-parameters#filters-and-eqs
$ENGINE_PAR_SEQ_HMF_GAIN	Filters and EQs	4	mirror/outbox; no engine consumer	no applied value law	https://docs.native-instruments.com/ni-tech-manuals/ksp-manual/en/engine-parameters#filters-and-eqs
$ENGINE_PAR_SEQ_HMF_FREQ	Filters and EQs	4	mirror/outbox; no engine consumer	no applied value law	https://docs.native-instruments.com/ni-tech-manuals/ksp-manual/en/engine-parameters#filters-and-eqs
$ENGINE_PAR_SEQ_HMF_Q	Filters and EQs	3	mirror/outbox; no engine consumer	no applied value law	https://docs.native-instruments.com/ni-tech-manuals/ksp-manual/en/engine-parameters#filters-and-eqs
$ENGINE_PAR_SEQ_HF_GAIN	Filters and EQs	4	mirror/outbox; no engine consumer	no applied value law	https://docs.native-instruments.com/ni-tech-manuals/ksp-manual/en/engine-parameters#filters-and-eqs
$ENGINE_PAR_SEQ_HF_FREQ	Filters and EQs	4	mirror/outbox; no engine consumer	no applied value law	https://docs.native-instruments.com/ni-tech-manuals/ksp-manual/en/engine-parameters#filters-and-eqs
$ENGINE_PAR_SEQ_HF_BELL	Filters and EQs	3	mirror/outbox; no engine consumer	no applied value law	https://docs.native-instruments.com/ni-tech-manuals/ksp-manual/en/engine-parameters#filters-and-eqs
$ENGINE_PAR_SEQ_LP	Filters and EQs	0	mirror/outbox; no engine consumer	no applied value law	https://docs.native-instruments.com/ni-tech-manuals/ksp-manual/en/engine-parameters#filters-and-eqs
$ENGINE_PAR_SEQ_LP_FREQ	Filters and EQs	0	mirror/outbox; no engine consumer	no applied value law	https://docs.native-instruments.com/ni-tech-manuals/ksp-manual/en/engine-parameters#filters-and-eqs
$ENGINE_PAR_EFFECT_BYPASS	Insert Effects	725	conditional specialized	v != 0; no runtime get mirror update	https://docs.native-instruments.com/ni-tech-manuals/ksp-manual/en/engine-parameters#insert-effects
$ENGINE_PAR_INSERT_EFFECT_OUTPUT_GAIN	Insert Effects	364	conditional specialized	(v/396851)^3 linear; no runtime get mirror update	https://docs.native-instruments.com/ni-tech-manuals/ksp-manual/en/engine-parameters#insert-effects
$ENGINE_PAR_THRESHOLD	Insert Effects / Dynamics	8	mirror/outbox; no engine consumer	no applied value law	https://docs.native-instruments.com/ni-tech-manuals/ksp-manual/en/engine-parameters#dynamics
$ENGINE_PAR_RATIO	Insert Effects / Dynamics	8	mirror/outbox; no engine consumer	no applied value law	https://docs.native-instruments.com/ni-tech-manuals/ksp-manual/en/engine-parameters#dynamics
$ENGINE_PAR_COMP_ATTACK	Insert Effects / Dynamics	8	mirror/outbox; no engine consumer	no applied value law	https://docs.native-instruments.com/ni-tech-manuals/ksp-manual/en/engine-parameters#dynamics
$ENGINE_PAR_COMP_DECAY	Insert Effects / Dynamics	8	mirror/outbox; no engine consumer	no applied value law	https://docs.native-instruments.com/ni-tech-manuals/ksp-manual/en/engine-parameters#dynamics
$ENGINE_PAR_COMP_LINK	Insert Effects / Dynamics	0	mirror/outbox; no engine consumer	no applied value law	https://docs.native-instruments.com/ni-tech-manuals/ksp-manual/en/engine-parameters#dynamics
$ENGINE_PAR_COMP_TYPE	Insert Effects / Dynamics	0	mirror/outbox; no engine consumer	no applied value law	https://docs.native-instruments.com/ni-tech-manuals/ksp-manual/en/engine-parameters#dynamics
$ENGINE_PAR_FCOMP_INPUT	Insert Effects / Dynamics	3	mirror/outbox; no engine consumer	no applied value law	https://docs.native-instruments.com/ni-tech-manuals/ksp-manual/en/engine-parameters#dynamics
$ENGINE_PAR_FCOMP_RATIO	Insert Effects / Dynamics	3	mirror/outbox; no engine consumer	no applied value law	https://docs.native-instruments.com/ni-tech-manuals/ksp-manual/en/engine-parameters#dynamics
$ENGINE_PAR_FCOMP_ATTACK	Insert Effects / Dynamics	3	mirror/outbox; no engine consumer	no applied value law	https://docs.native-instruments.com/ni-tech-manuals/ksp-manual/en/engine-parameters#dynamics
$ENGINE_PAR_FCOMP_RELEASE	Insert Effects / Dynamics	3	mirror/outbox; no engine consumer	no applied value law	https://docs.native-instruments.com/ni-tech-manuals/ksp-manual/en/engine-parameters#dynamics
$ENGINE_PAR_FCOMP_MAKEUP	Insert Effects / Dynamics	3	mirror/outbox; no engine consumer	no applied value law	https://docs.native-instruments.com/ni-tech-manuals/ksp-manual/en/engine-parameters#dynamics
$ENGINE_PAR_FCOMP_MIX	Insert Effects / Dynamics	3	mirror/outbox; no engine consumer	no applied value law	https://docs.native-instruments.com/ni-tech-manuals/ksp-manual/en/engine-parameters#dynamics
$ENGINE_PAR_FCOMP_HQ_MODE	Insert Effects / Dynamics	0	mirror/outbox; no engine consumer	no applied value law	https://docs.native-instruments.com/ni-tech-manuals/ksp-manual/en/engine-parameters#dynamics
$ENGINE_PAR_FCOMP_LINK	Insert Effects / Dynamics	0	mirror/outbox; no engine consumer	no applied value law	https://docs.native-instruments.com/ni-tech-manuals/ksp-manual/en/engine-parameters#dynamics
$ENGINE_PAR_LIM_IN_GAIN	Insert Effects / Dynamics	1	mirror/outbox; no engine consumer	no applied value law	https://docs.native-instruments.com/ni-tech-manuals/ksp-manual/en/engine-parameters#dynamics
$ENGINE_PAR_LIM_RELEASE	Insert Effects / Dynamics	1	mirror/outbox; no engine consumer	no applied value law	https://docs.native-instruments.com/ni-tech-manuals/ksp-manual/en/engine-parameters#dynamics
$ENGINE_PAR_SCOMP_THRESHOLD	Insert Effects / Dynamics	4	mirror/outbox; no engine consumer	no applied value law	https://docs.native-instruments.com/ni-tech-manuals/ksp-manual/en/engine-parameters#dynamics
$ENGINE_PAR_SCOMP_RATIO	Insert Effects / Dynamics	4	mirror/outbox; no engine consumer	no applied value law	https://docs.native-instruments.com/ni-tech-manuals/ksp-manual/en/engine-parameters#dynamics
$ENGINE_PAR_SCOMP_ATTACK	Insert Effects / Dynamics	4	mirror/outbox; no engine consumer	no applied value law	https://docs.native-instruments.com/ni-tech-manuals/ksp-manual/en/engine-parameters#dynamics
$ENGINE_PAR_SCOMP_RELEASE	Insert Effects / Dynamics	4	mirror/outbox; no engine consumer	no applied value law	https://docs.native-instruments.com/ni-tech-manuals/ksp-manual/en/engine-parameters#dynamics
$ENGINE_PAR_SCOMP_MAKEUP	Insert Effects / Dynamics	4	mirror/outbox; no engine consumer	no applied value law	https://docs.native-instruments.com/ni-tech-manuals/ksp-manual/en/engine-parameters#dynamics
$ENGINE_PAR_SCOMP_MIX	Insert Effects / Dynamics	4	mirror/outbox; no engine consumer	no applied value law	https://docs.native-instruments.com/ni-tech-manuals/ksp-manual/en/engine-parameters#dynamics
$ENGINE_PAR_SCOMP_LINK	Insert Effects / Dynamics	0	mirror/outbox; no engine consumer	no applied value law	https://docs.native-instruments.com/ni-tech-manuals/ksp-manual/en/engine-parameters#dynamics
$ENGINE_PAR_SUPERGT_TRIM	Insert Effects / Dynamics	1	mirror/outbox; no engine consumer	no applied value law	https://docs.native-instruments.com/ni-tech-manuals/ksp-manual/en/engine-parameters#dynamics
$ENGINE_PAR_SUPERGT_HPF_MODE	Insert Effects / Dynamics	0	mirror/outbox; no engine consumer	no applied value law	https://docs.native-instruments.com/ni-tech-manuals/ksp-manual/en/engine-parameters#dynamics
$ENGINE_PAR_SUPERGT_SATURATION	Insert Effects / Dynamics	1	mirror/outbox; no engine consumer	no applied value law	https://docs.native-instruments.com/ni-tech-manuals/ksp-manual/en/engine-parameters#dynamics
$ENGINE_PAR_SUPERGT_SAT_MODE	Insert Effects / Dynamics	1	mirror/outbox; no engine consumer	no applied value law	https://docs.native-instruments.com/ni-tech-manuals/ksp-manual/en/engine-parameters#dynamics
$ENGINE_PAR_SUPERGT_COMPRESS	Insert Effects / Dynamics	1	mirror/outbox; no engine consumer	no applied value law	https://docs.native-instruments.com/ni-tech-manuals/ksp-manual/en/engine-parameters#dynamics
$ENGINE_PAR_SUPERGT_ATTACK	Insert Effects / Dynamics	1	mirror/outbox; no engine consumer	no applied value law	https://docs.native-instruments.com/ni-tech-manuals/ksp-manual/en/engine-parameters#dynamics
$ENGINE_PAR_SUPERGT_RELEASE	Insert Effects / Dynamics	1	mirror/outbox; no engine consumer	no applied value law	https://docs.native-instruments.com/ni-tech-manuals/ksp-manual/en/engine-parameters#dynamics
$ENGINE_PAR_SUPERGT_CHARACTER	Insert Effects / Dynamics	1	mirror/outbox; no engine consumer	no applied value law	https://docs.native-instruments.com/ni-tech-manuals/ksp-manual/en/engine-parameters#dynamics
$ENGINE_PAR_SUPERGT_CHAR_MODE	Insert Effects / Dynamics	1	mirror/outbox; no engine consumer	no applied value law	https://docs.native-instruments.com/ni-tech-manuals/ksp-manual/en/engine-parameters#dynamics
$ENGINE_PAR_SUPERGT_MIX	Insert Effects / Dynamics	1	mirror/outbox; no engine consumer	no applied value law	https://docs.native-instruments.com/ni-tech-manuals/ksp-manual/en/engine-parameters#dynamics
$ENGINE_PAR_SUPERGT_CHANNEL_LINK_MODE	Insert Effects / Dynamics	1	mirror/outbox; no engine consumer	no applied value law	https://docs.native-instruments.com/ni-tech-manuals/ksp-manual/en/engine-parameters#dynamics
$ENGINE_PAR_TR_INPUT	Insert Effects / Dynamics	0	mirror/outbox; no engine consumer	no applied value law	https://docs.native-instruments.com/ni-tech-manuals/ksp-manual/en/engine-parameters#dynamics
$ENGINE_PAR_TR_ATTACK	Insert Effects / Dynamics	3	mirror/outbox; no engine consumer	no applied value law	https://docs.native-instruments.com/ni-tech-manuals/ksp-manual/en/engine-parameters#dynamics
$ENGINE_PAR_TR_SUSTAIN	Insert Effects / Dynamics	3	mirror/outbox; no engine consumer	no applied value law	https://docs.native-instruments.com/ni-tech-manuals/ksp-manual/en/engine-parameters#dynamics
$ENGINE_PAR_TR_SMOOTH	Insert Effects / Dynamics	0	mirror/outbox; no engine consumer	no applied value law	https://docs.native-instruments.com/ni-tech-manuals/ksp-manual/en/engine-parameters#dynamics
$ENGINE_PAR_TRANSLIM_THRESHOLD	Insert Effects / Dynamics	0	mirror/outbox; no engine consumer	no applied value law	https://docs.native-instruments.com/ni-tech-manuals/ksp-manual/en/engine-parameters#dynamics
$ENGINE_PAR_TRANSLIM_RELEASE	Insert Effects / Dynamics	0	mirror/outbox; no engine consumer	no applied value law	https://docs.native-instruments.com/ni-tech-manuals/ksp-manual/en/engine-parameters#dynamics
$ENGINE_PAR_TRANSLIM_CEILING	Insert Effects / Dynamics	0	mirror/outbox; no engine consumer	no applied value law	https://docs.native-instruments.com/ni-tech-manuals/ksp-manual/en/engine-parameters#dynamics
$ENGINE_PAR_AC_NORMALVOLUME	Insert Effects / Amps	0	mirror/outbox; no engine consumer	no applied value law	https://docs.native-instruments.com/ni-tech-manuals/ksp-manual/en/engine-parameters#amps
$ENGINE_PAR_AC_BRILLIANTVOLUME	Insert Effects / Amps	0	mirror/outbox; no engine consumer	no applied value law	https://docs.native-instruments.com/ni-tech-manuals/ksp-manual/en/engine-parameters#amps
$ENGINE_PAR_AC_BASS	Insert Effects / Amps	0	mirror/outbox; no engine consumer	no applied value law	https://docs.native-instruments.com/ni-tech-manuals/ksp-manual/en/engine-parameters#amps
$ENGINE_PAR_AC_TREBLE	Insert Effects / Amps	0	mirror/outbox; no engine consumer	no applied value law	https://docs.native-instruments.com/ni-tech-manuals/ksp-manual/en/engine-parameters#amps
$ENGINE_PAR_AC_TONECUT	Insert Effects / Amps	0	mirror/outbox; no engine consumer	no applied value law	https://docs.native-instruments.com/ni-tech-manuals/ksp-manual/en/engine-parameters#amps
$ENGINE_PAR_AC_TREMOLOSPEED	Insert Effects / Amps	0	mirror/outbox; no engine consumer	no applied value law	https://docs.native-instruments.com/ni-tech-manuals/ksp-manual/en/engine-parameters#amps
$ENGINE_PAR_AC_TREMOLODEPTH	Insert Effects / Amps	0	mirror/outbox; no engine consumer	no applied value law	https://docs.native-instruments.com/ni-tech-manuals/ksp-manual/en/engine-parameters#amps
$ENGINE_PAR_AC_MONO	Insert Effects / Amps	0	mirror/outbox; no engine consumer	no applied value law	https://docs.native-instruments.com/ni-tech-manuals/ksp-manual/en/engine-parameters#amps
$ENGINE_PAR_BASSINVADER_VOLUME	Insert Effects / Amps	0	mirror/outbox; no engine consumer	no applied value law	https://docs.native-instruments.com/ni-tech-manuals/ksp-manual/en/engine-parameters#amps
$ENGINE_PAR_BASSINVADER_TREBLE	Insert Effects / Amps	0	mirror/outbox; no engine consumer	no applied value law	https://docs.native-instruments.com/ni-tech-manuals/ksp-manual/en/engine-parameters#amps
$ENGINE_PAR_BASSINVADER_HI_MID	Insert Effects / Amps	0	mirror/outbox; no engine consumer	no applied value law	https://docs.native-instruments.com/ni-tech-manuals/ksp-manual/en/engine-parameters#amps
$ENGINE_PAR_BASSINVADER_LO_MID	Insert Effects / Amps	0	mirror/outbox; no engine consumer	no applied value law	https://docs.native-instruments.com/ni-tech-manuals/ksp-manual/en/engine-parameters#amps
$ENGINE_PAR_BASSINVADER_BASS	Insert Effects / Amps	0	mirror/outbox; no engine consumer	no applied value law	https://docs.native-instruments.com/ni-tech-manuals/ksp-manual/en/engine-parameters#amps
$ENGINE_PAR_BASSINVADER_BOOST	Insert Effects / Amps	0	mirror/outbox; no engine consumer	no applied value law	https://docs.native-instruments.com/ni-tech-manuals/ksp-manual/en/engine-parameters#amps
$ENGINE_PAR_BASSINVADER_MASTER	Insert Effects / Amps	0	mirror/outbox; no engine consumer	no applied value law	https://docs.native-instruments.com/ni-tech-manuals/ksp-manual/en/engine-parameters#amps
$ENGINE_PAR_BASSINVADER_LO_CUT	Insert Effects / Amps	0	mirror/outbox; no engine consumer	no applied value law	https://docs.native-instruments.com/ni-tech-manuals/ksp-manual/en/engine-parameters#amps
$ENGINE_PAR_BASSINVADER_MID_CONTOUR	Insert Effects / Amps	0	mirror/outbox; no engine consumer	no applied value law	https://docs.native-instruments.com/ni-tech-manuals/ksp-manual/en/engine-parameters#amps
$ENGINE_PAR_BASSINVADER_HI_BOOST	Insert Effects / Amps	0	mirror/outbox; no engine consumer	no applied value law	https://docs.native-instruments.com/ni-tech-manuals/ksp-manual/en/engine-parameters#amps
$ENGINE_PAR_BASSINVADER_MONO	Insert Effects / Amps	0	mirror/outbox; no engine consumer	no applied value law	https://docs.native-instruments.com/ni-tech-manuals/ksp-manual/en/engine-parameters#amps
$ENGINE_PAR_BASSPRO_GAIN	Insert Effects / Amps	0	mirror/outbox; no engine consumer	no applied value law	https://docs.native-instruments.com/ni-tech-manuals/ksp-manual/en/engine-parameters#amps
$ENGINE_PAR_BASSPRO_BASS	Insert Effects / Amps	0	mirror/outbox; no engine consumer	no applied value law	https://docs.native-instruments.com/ni-tech-manuals/ksp-manual/en/engine-parameters#amps
$ENGINE_PAR_BASSPRO_MID	Insert Effects / Amps	0	mirror/outbox; no engine consumer	no applied value law	https://docs.native-instruments.com/ni-tech-manuals/ksp-manual/en/engine-parameters#amps
$ENGINE_PAR_BASSPRO_MIDFREQ	Insert Effects / Amps	0	mirror/outbox; no engine consumer	no applied value law	https://docs.native-instruments.com/ni-tech-manuals/ksp-manual/en/engine-parameters#amps
$ENGINE_PAR_BASSPRO_TREBLE	Insert Effects / Amps	0	mirror/outbox; no engine consumer	no applied value law	https://docs.native-instruments.com/ni-tech-manuals/ksp-manual/en/engine-parameters#amps
$ENGINE_PAR_BASSPRO_DRIVE	Insert Effects / Amps	0	mirror/outbox; no engine consumer	no applied value law	https://docs.native-instruments.com/ni-tech-manuals/ksp-manual/en/engine-parameters#amps
$ENGINE_PAR_BASSPRO_MASTER	Insert Effects / Amps	0	mirror/outbox; no engine consumer	no applied value law	https://docs.native-instruments.com/ni-tech-manuals/ksp-manual/en/engine-parameters#amps
$ENGINE_PAR_BASSPRO_GEQ_40	Insert Effects / Amps	0	mirror/outbox; no engine consumer	no applied value law	https://docs.native-instruments.com/ni-tech-manuals/ksp-manual/en/engine-parameters#amps
$ENGINE_PAR_BASSPRO_GEQ_90	Insert Effects / Amps	0	mirror/outbox; no engine consumer	no applied value law	https://docs.native-instruments.com/ni-tech-manuals/ksp-manual/en/engine-parameters#amps
$ENGINE_PAR_BASSPRO_GEQ_180	Insert Effects / Amps	0	mirror/outbox; no engine consumer	no applied value law	https://docs.native-instruments.com/ni-tech-manuals/ksp-manual/en/engine-parameters#amps
$ENGINE_PAR_BASSPRO_GEQ_300	Insert Effects / Amps	0	mirror/outbox; no engine consumer	no applied value law	https://docs.native-instruments.com/ni-tech-manuals/ksp-manual/en/engine-parameters#amps
$ENGINE_PAR_BASSPRO_GEQ_500	Insert Effects / Amps	0	mirror/outbox; no engine consumer	no applied value law	https://docs.native-instruments.com/ni-tech-manuals/ksp-manual/en/engine-parameters#amps
$ENGINE_PAR_BASSPRO_GEQ_1K	Insert Effects / Amps	0	mirror/outbox; no engine consumer	no applied value law	https://docs.native-instruments.com/ni-tech-manuals/ksp-manual/en/engine-parameters#amps
$ENGINE_PAR_BASSPRO_GEQ_2K	Insert Effects / Amps	0	mirror/outbox; no engine consumer	no applied value law	https://docs.native-instruments.com/ni-tech-manuals/ksp-manual/en/engine-parameters#amps
$ENGINE_PAR_BASSPRO_GEQ_4K	Insert Effects / Amps	0	mirror/outbox; no engine consumer	no applied value law	https://docs.native-instruments.com/ni-tech-manuals/ksp-manual/en/engine-parameters#amps
$ENGINE_PAR_BASSPRO_GEQ_10K	Insert Effects / Amps	0	mirror/outbox; no engine consumer	no applied value law	https://docs.native-instruments.com/ni-tech-manuals/ksp-manual/en/engine-parameters#amps
$ENGINE_PAR_BASSPRO_GEQ_VOLUME	Insert Effects / Amps	0	mirror/outbox; no engine consumer	no applied value law	https://docs.native-instruments.com/ni-tech-manuals/ksp-manual/en/engine-parameters#amps
$ENGINE_PAR_BASSPRO_ULTRALO	Insert Effects / Amps	0	mirror/outbox; no engine consumer	no applied value law	https://docs.native-instruments.com/ni-tech-manuals/ksp-manual/en/engine-parameters#amps
$ENGINE_PAR_BASSPRO_ULTRAHI	Insert Effects / Amps	0	mirror/outbox; no engine consumer	no applied value law	https://docs.native-instruments.com/ni-tech-manuals/ksp-manual/en/engine-parameters#amps
$ENGINE_PAR_BASSPRO_BRIGHT	Insert Effects / Amps	0	mirror/outbox; no engine consumer	no applied value law	https://docs.native-instruments.com/ni-tech-manuals/ksp-manual/en/engine-parameters#amps
$ENGINE_PAR_BASSPRO_GEQ	Insert Effects / Amps	0	mirror/outbox; no engine consumer	no applied value law	https://docs.native-instruments.com/ni-tech-manuals/ksp-manual/en/engine-parameters#amps
$ENGINE_PAR_BASSPRO_MONO	Insert Effects / Amps	0	mirror/outbox; no engine consumer	no applied value law	https://docs.native-instruments.com/ni-tech-manuals/ksp-manual/en/engine-parameters#amps
$ENGINE_PAR_CB_SIZE	Insert Effects / Amps	0	mirror/outbox; no engine consumer	no applied value law	https://docs.native-instruments.com/ni-tech-manuals/ksp-manual/en/engine-parameters#amps
$ENGINE_PAR_CB_AIR	Insert Effects / Amps	0	mirror/outbox; no engine consumer	no applied value law	https://docs.native-instruments.com/ni-tech-manuals/ksp-manual/en/engine-parameters#amps
$ENGINE_PAR_CB_TREBLE	Insert Effects / Amps	0	mirror/outbox; no engine consumer	no applied value law	https://docs.native-instruments.com/ni-tech-manuals/ksp-manual/en/engine-parameters#amps
$ENGINE_PAR_CB_BASS	Insert Effects / Amps	0	mirror/outbox; no engine consumer	no applied value law	https://docs.native-instruments.com/ni-tech-manuals/ksp-manual/en/engine-parameters#amps
$ENGINE_PAR_CABINET_TYPE	Insert Effects / Amps	0	mirror/outbox; no engine consumer	no applied value law	https://docs.native-instruments.com/ni-tech-manuals/ksp-manual/en/engine-parameters#amps
$ENGINE_PAR_EPP_DRIVE_MODE	Insert Effects / Amps	0	mirror/outbox; no engine consumer	no applied value law	https://docs.native-instruments.com/ni-tech-manuals/ksp-manual/en/engine-parameters#amps
$ENGINE_PAR_EPP_DRIVE	Insert Effects / Amps	0	mirror/outbox; no engine consumer	no applied value law	https://docs.native-instruments.com/ni-tech-manuals/ksp-manual/en/engine-parameters#amps
$ENGINE_PAR_EPP_ELECTRIC_C_SOFT	Insert Effects / Amps	0	mirror/outbox; no engine consumer	no applied value law	https://docs.native-instruments.com/ni-tech-manuals/ksp-manual/en/engine-parameters#amps
$ENGINE_PAR_EPP_ELECTRIC_C_MEDIUM	Insert Effects / Amps	0	mirror/outbox; no engine consumer	no applied value law	https://docs.native-instruments.com/ni-tech-manuals/ksp-manual/en/engine-parameters#amps
$ENGINE_PAR_EPP_ELECTRIC_C_TREBLE	Insert Effects / Amps	0	mirror/outbox; no engine consumer	no applied value law	https://docs.native-instruments.com/ni-tech-manuals/ksp-manual/en/engine-parameters#amps
$ENGINE_PAR_EPP_ELECTRIC_C_BRILLIANT	Insert Effects / Amps	0	mirror/outbox; no engine consumer	no applied value law	https://docs.native-instruments.com/ni-tech-manuals/ksp-manual/en/engine-parameters#amps
$ENGINE_PAR_EPP_EQ_MODE	Insert Effects / Amps	0	mirror/outbox; no engine consumer	no applied value law	https://docs.native-instruments.com/ni-tech-manuals/ksp-manual/en/engine-parameters#amps
$ENGINE_PAR_EPP_EQ_BASS	Insert Effects / Amps	0	mirror/outbox; no engine consumer	no applied value law	https://docs.native-instruments.com/ni-tech-manuals/ksp-manual/en/engine-parameters#amps
$ENGINE_PAR_EPP_EQ_MID	Insert Effects / Amps	0	mirror/outbox; no engine consumer	no applied value law	https://docs.native-instruments.com/ni-tech-manuals/ksp-manual/en/engine-parameters#amps
$ENGINE_PAR_EPP_EQ_TREBLE	Insert Effects / Amps	0	mirror/outbox; no engine consumer	no applied value law	https://docs.native-instruments.com/ni-tech-manuals/ksp-manual/en/engine-parameters#amps
$ENGINE_PAR_EPP_PASSIVE_BASS	Insert Effects / Amps	0	mirror/outbox; no engine consumer	no applied value law	https://docs.native-instruments.com/ni-tech-manuals/ksp-manual/en/engine-parameters#amps
$ENGINE_PAR_EPP_TREMOLO_MODE	Insert Effects / Amps	0	mirror/outbox; no engine consumer	no applied value law	https://docs.native-instruments.com/ni-tech-manuals/ksp-manual/en/engine-parameters#amps
$ENGINE_PAR_EPP_TREMOLO_WAVE	Insert Effects / Amps	0	mirror/outbox; no engine consumer	no applied value law	https://docs.native-instruments.com/ni-tech-manuals/ksp-manual/en/engine-parameters#amps
$ENGINE_PAR_EPP_TREMOLO_RATE	Insert Effects / Amps	0	mirror/outbox; no engine consumer	no applied value law	https://docs.native-instruments.com/ni-tech-manuals/ksp-manual/en/engine-parameters#amps
$ENGINE_PAR_EPP_TREMOLO_RATE_UNIT	Insert Effects / Amps	0	mirror/outbox; no engine consumer	no applied value law	https://docs.native-instruments.com/ni-tech-manuals/ksp-manual/en/engine-parameters#amps
$ENGINE_PAR_EPP_TREMOLO_AMOUNT	Insert Effects / Amps	0	mirror/outbox; no engine consumer	no applied value law	https://docs.native-instruments.com/ni-tech-manuals/ksp-manual/en/engine-parameters#amps
$ENGINE_PAR_EPP_TREMOLO_WIDTH	Insert Effects / Amps	0	mirror/outbox; no engine consumer	no applied value law	https://docs.native-instruments.com/ni-tech-manuals/ksp-manual/en/engine-parameters#amps
$ENGINE_PAR_EPP_MONO	Insert Effects / Amps	0	mirror/outbox; no engine consumer	no applied value law	https://docs.native-instruments.com/ni-tech-manuals/ksp-manual/en/engine-parameters#amps
$ENGINE_PAR_HS_PRENORMAL	Insert Effects / Amps	0	mirror/outbox; no engine consumer	no applied value law	https://docs.native-instruments.com/ni-tech-manuals/ksp-manual/en/engine-parameters#amps
$ENGINE_PAR_HS_PREOVERDRIVE	Insert Effects / Amps	0	mirror/outbox; no engine consumer	no applied value law	https://docs.native-instruments.com/ni-tech-manuals/ksp-manual/en/engine-parameters#amps
$ENGINE_PAR_HS_BASS	Insert Effects / Amps	0	mirror/outbox; no engine consumer	no applied value law	https://docs.native-instruments.com/ni-tech-manuals/ksp-manual/en/engine-parameters#amps
$ENGINE_PAR_HS_MID	Insert Effects / Amps	0	mirror/outbox; no engine consumer	no applied value law	https://docs.native-instruments.com/ni-tech-manuals/ksp-manual/en/engine-parameters#amps
$ENGINE_PAR_HS_TREBLE	Insert Effects / Amps	0	mirror/outbox; no engine consumer	no applied value law	https://docs.native-instruments.com/ni-tech-manuals/ksp-manual/en/engine-parameters#amps
$ENGINE_PAR_HS_MASTER	Insert Effects / Amps	0	mirror/outbox; no engine consumer	no applied value law	https://docs.native-instruments.com/ni-tech-manuals/ksp-manual/en/engine-parameters#amps
$ENGINE_PAR_HS_PRESENCE	Insert Effects / Amps	0	mirror/outbox; no engine consumer	no applied value law	https://docs.native-instruments.com/ni-tech-manuals/ksp-manual/en/engine-parameters#amps
$ENGINE_PAR_HS_DEPTH	Insert Effects / Amps	0	mirror/outbox; no engine consumer	no applied value law	https://docs.native-instruments.com/ni-tech-manuals/ksp-manual/en/engine-parameters#amps
$ENGINE_PAR_HS_OVERDRIVE	Insert Effects / Amps	0	mirror/outbox; no engine consumer	no applied value law	https://docs.native-instruments.com/ni-tech-manuals/ksp-manual/en/engine-parameters#amps
$ENGINE_PAR_HS_MONO	Insert Effects / Amps	0	mirror/outbox; no engine consumer	no applied value law	https://docs.native-instruments.com/ni-tech-manuals/ksp-manual/en/engine-parameters#amps
$ENGINE_PAR_JMP_PREAMP	Insert Effects / Amps	1	mirror/outbox; no engine consumer	no applied value law	https://docs.native-instruments.com/ni-tech-manuals/ksp-manual/en/engine-parameters#amps
$ENGINE_PAR_JMP_BASS	Insert Effects / Amps	1	mirror/outbox; no engine consumer	no applied value law	https://docs.native-instruments.com/ni-tech-manuals/ksp-manual/en/engine-parameters#amps
$ENGINE_PAR_JMP_MID	Insert Effects / Amps	1	mirror/outbox; no engine consumer	no applied value law	https://docs.native-instruments.com/ni-tech-manuals/ksp-manual/en/engine-parameters#amps
$ENGINE_PAR_JMP_TREBLE	Insert Effects / Amps	1	mirror/outbox; no engine consumer	no applied value law	https://docs.native-instruments.com/ni-tech-manuals/ksp-manual/en/engine-parameters#amps
$ENGINE_PAR_JMP_MASTER	Insert Effects / Amps	0	mirror/outbox; no engine consumer	no applied value law	https://docs.native-instruments.com/ni-tech-manuals/ksp-manual/en/engine-parameters#amps
$ENGINE_PAR_JMP_PRESENCE	Insert Effects / Amps	0	mirror/outbox; no engine consumer	no applied value law	https://docs.native-instruments.com/ni-tech-manuals/ksp-manual/en/engine-parameters#amps
$ENGINE_PAR_JMP_HIGAIN	Insert Effects / Amps	0	mirror/outbox; no engine consumer	no applied value law	https://docs.native-instruments.com/ni-tech-manuals/ksp-manual/en/engine-parameters#amps
$ENGINE_PAR_JMP_MONO	Insert Effects / Amps	0	mirror/outbox; no engine consumer	no applied value law	https://docs.native-instruments.com/ni-tech-manuals/ksp-manual/en/engine-parameters#amps
$ENGINE_PAR_SF100_NORMAL_GAIN	Insert Effects / Amps	0	mirror/outbox; no engine consumer	no applied value law	https://docs.native-instruments.com/ni-tech-manuals/ksp-manual/en/engine-parameters#amps
$ENGINE_PAR_SF100_OD_GAIN	Insert Effects / Amps	0	mirror/outbox; no engine consumer	no applied value law	https://docs.native-instruments.com/ni-tech-manuals/ksp-manual/en/engine-parameters#amps
$ENGINE_PAR_SF100_BASS	Insert Effects / Amps	0	mirror/outbox; no engine consumer	no applied value law	https://docs.native-instruments.com/ni-tech-manuals/ksp-manual/en/engine-parameters#amps
$ENGINE_PAR_SF100_MID	Insert Effects / Amps	0	mirror/outbox; no engine consumer	no applied value law	https://docs.native-instruments.com/ni-tech-manuals/ksp-manual/en/engine-parameters#amps
$ENGINE_PAR_SF100_TREBLE	Insert Effects / Amps	0	mirror/outbox; no engine consumer	no applied value law	https://docs.native-instruments.com/ni-tech-manuals/ksp-manual/en/engine-parameters#amps
$ENGINE_PAR_SF100_MASTER	Insert Effects / Amps	0	mirror/outbox; no engine consumer	no applied value law	https://docs.native-instruments.com/ni-tech-manuals/ksp-manual/en/engine-parameters#amps
$ENGINE_PAR_SF100_PRESENCE	Insert Effects / Amps	0	mirror/outbox; no engine consumer	no applied value law	https://docs.native-instruments.com/ni-tech-manuals/ksp-manual/en/engine-parameters#amps
$ENGINE_PAR_SF100_DEPTH	Insert Effects / Amps	0	mirror/outbox; no engine consumer	no applied value law	https://docs.native-instruments.com/ni-tech-manuals/ksp-manual/en/engine-parameters#amps
$ENGINE_PAR_SF100_OVEDRIVE	Insert Effects / Amps	0	mirror/outbox; no engine consumer	no applied value law	https://docs.native-instruments.com/ni-tech-manuals/ksp-manual/en/engine-parameters#amps
$ENGINE_PAR_SF100_CRUNCH	Insert Effects / Amps	0	mirror/outbox; no engine consumer	no applied value law	https://docs.native-instruments.com/ni-tech-manuals/ksp-manual/en/engine-parameters#amps
$ENGINE_PAR_SF100_BRIGHT	Insert Effects / Amps	0	mirror/outbox; no engine consumer	no applied value law	https://docs.native-instruments.com/ni-tech-manuals/ksp-manual/en/engine-parameters#amps
$ENGINE_PAR_SF100_MONO	Insert Effects / Amps	0	mirror/outbox; no engine consumer	no applied value law	https://docs.native-instruments.com/ni-tech-manuals/ksp-manual/en/engine-parameters#amps
$ENGINE_PAR_TW_VOLUME	Insert Effects / Amps	0	mirror/outbox; no engine consumer	no applied value law	https://docs.native-instruments.com/ni-tech-manuals/ksp-manual/en/engine-parameters#amps
$ENGINE_PAR_TW_TREBLE	Insert Effects / Amps	0	mirror/outbox; no engine consumer	no applied value law	https://docs.native-instruments.com/ni-tech-manuals/ksp-manual/en/engine-parameters#amps
$ENGINE_PAR_TW_MID	Insert Effects / Amps	0	mirror/outbox; no engine consumer	no applied value law	https://docs.native-instruments.com/ni-tech-manuals/ksp-manual/en/engine-parameters#amps
$ENGINE_PAR_TW_BASS	Insert Effects / Amps	0	mirror/outbox; no engine consumer	no applied value law	https://docs.native-instruments.com/ni-tech-manuals/ksp-manual/en/engine-parameters#amps
$ENGINE_PAR_TW_BRIGHT	Insert Effects / Amps	0	mirror/outbox; no engine consumer	no applied value law	https://docs.native-instruments.com/ni-tech-manuals/ksp-manual/en/engine-parameters#amps
$ENGINE_PAR_TW_MONO	Insert Effects / Amps	0	mirror/outbox; no engine consumer	no applied value law	https://docs.native-instruments.com/ni-tech-manuals/ksp-manual/en/engine-parameters#amps
$ENGINE_PAR_V5_PREGAINRHYTHM	Insert Effects / Amps	0	mirror/outbox; no engine consumer	no applied value law	https://docs.native-instruments.com/ni-tech-manuals/ksp-manual/en/engine-parameters#amps
$ENGINE_PAR_V5_PREGAINLEAD	Insert Effects / Amps	0	mirror/outbox; no engine consumer	no applied value law	https://docs.native-instruments.com/ni-tech-manuals/ksp-manual/en/engine-parameters#amps
$ENGINE_PAR_V5_BASS	Insert Effects / Amps	0	mirror/outbox; no engine consumer	no applied value law	https://docs.native-instruments.com/ni-tech-manuals/ksp-manual/en/engine-parameters#amps
$ENGINE_PAR_V5_MID	Insert Effects / Amps	0	mirror/outbox; no engine consumer	no applied value law	https://docs.native-instruments.com/ni-tech-manuals/ksp-manual/en/engine-parameters#amps
$ENGINE_PAR_V5_TREBLE	Insert Effects / Amps	0	mirror/outbox; no engine consumer	no applied value law	https://docs.native-instruments.com/ni-tech-manuals/ksp-manual/en/engine-parameters#amps
$ENGINE_PAR_V5_POSTGAIN	Insert Effects / Amps	0	mirror/outbox; no engine consumer	no applied value law	https://docs.native-instruments.com/ni-tech-manuals/ksp-manual/en/engine-parameters#amps
$ENGINE_PAR_V5_RESONANCE	Insert Effects / Amps	0	mirror/outbox; no engine consumer	no applied value law	https://docs.native-instruments.com/ni-tech-manuals/ksp-manual/en/engine-parameters#amps
$ENGINE_PAR_V5_PRESENCE	Insert Effects / Amps	0	mirror/outbox; no engine consumer	no applied value law	https://docs.native-instruments.com/ni-tech-manuals/ksp-manual/en/engine-parameters#amps
$ENGINE_PAR_V5_LEADCHANNEL	Insert Effects / Amps	0	mirror/outbox; no engine consumer	no applied value law	https://docs.native-instruments.com/ni-tech-manuals/ksp-manual/en/engine-parameters#amps
$ENGINE_PAR_V5_HIGAIN	Insert Effects / Amps	0	mirror/outbox; no engine consumer	no applied value law	https://docs.native-instruments.com/ni-tech-manuals/ksp-manual/en/engine-parameters#amps
$ENGINE_PAR_V5_BRIGHT	Insert Effects / Amps	0	mirror/outbox; no engine consumer	no applied value law	https://docs.native-instruments.com/ni-tech-manuals/ksp-manual/en/engine-parameters#amps
$ENGINE_PAR_V5_CRUNCH	Insert Effects / Amps	0	mirror/outbox; no engine consumer	no applied value law	https://docs.native-instruments.com/ni-tech-manuals/ksp-manual/en/engine-parameters#amps
$ENGINE_PAR_V5_MONO	Insert Effects / Amps	0	mirror/outbox; no engine consumer	no applied value law	https://docs.native-instruments.com/ni-tech-manuals/ksp-manual/en/engine-parameters#amps
$ENGINE_PAR_BIGFUZZ_SUSTAIN	Insert Effects / Stomps	0	mirror/outbox; no engine consumer	no applied value law	https://docs.native-instruments.com/ni-tech-manuals/ksp-manual/en/engine-parameters#stomps
$ENGINE_PAR_BIGFUZZ_TONE	Insert Effects / Stomps	0	mirror/outbox; no engine consumer	no applied value law	https://docs.native-instruments.com/ni-tech-manuals/ksp-manual/en/engine-parameters#stomps
$ENGINE_PAR_BIGFUZZ_BASS	Insert Effects / Stomps	0	mirror/outbox; no engine consumer	no applied value law	https://docs.native-instruments.com/ni-tech-manuals/ksp-manual/en/engine-parameters#stomps
$ENGINE_PAR_BIGFUZZ_TREBLE	Insert Effects / Stomps	0	mirror/outbox; no engine consumer	no applied value law	https://docs.native-instruments.com/ni-tech-manuals/ksp-manual/en/engine-parameters#stomps
$ENGINE_PAR_BIGFUZZ_MONO	Insert Effects / Stomps	0	mirror/outbox; no engine consumer	no applied value law	https://docs.native-instruments.com/ni-tech-manuals/ksp-manual/en/engine-parameters#stomps
$ENGINE_PAR_CT_VOLUME	Insert Effects / Stomps	0	mirror/outbox; no engine consumer	no applied value law	https://docs.native-instruments.com/ni-tech-manuals/ksp-manual/en/engine-parameters#stomps
$ENGINE_PAR_CT_DISTORTION	Insert Effects / Stomps	0	mirror/outbox; no engine consumer	no applied value law	https://docs.native-instruments.com/ni-tech-manuals/ksp-manual/en/engine-parameters#stomps
$ENGINE_PAR_CT_FILTER	Insert Effects / Stomps	0	mirror/outbox; no engine consumer	no applied value law	https://docs.native-instruments.com/ni-tech-manuals/ksp-manual/en/engine-parameters#stomps
$ENGINE_PAR_CT_BASS	Insert Effects / Stomps	0	mirror/outbox; no engine consumer	no applied value law	https://docs.native-instruments.com/ni-tech-manuals/ksp-manual/en/engine-parameters#stomps
$ENGINE_PAR_CT_BALLS	Insert Effects / Stomps	0	mirror/outbox; no engine consumer	no applied value law	https://docs.native-instruments.com/ni-tech-manuals/ksp-manual/en/engine-parameters#stomps
$ENGINE_PAR_CT_TREBLE	Insert Effects / Stomps	0	mirror/outbox; no engine consumer	no applied value law	https://docs.native-instruments.com/ni-tech-manuals/ksp-manual/en/engine-parameters#stomps
$ENGINE_PAR_CT_TONE	Insert Effects / Stomps	0	mirror/outbox; no engine consumer	no applied value law	https://docs.native-instruments.com/ni-tech-manuals/ksp-manual/en/engine-parameters#stomps
$ENGINE_PAR_CT_MONO	Insert Effects / Stomps	0	mirror/outbox; no engine consumer	no applied value law	https://docs.native-instruments.com/ni-tech-manuals/ksp-manual/en/engine-parameters#stomps
$ENGINE_PAR_CS_DISTORTION	Insert Effects / Stomps	0	mirror/outbox; no engine consumer	no applied value law	https://docs.native-instruments.com/ni-tech-manuals/ksp-manual/en/engine-parameters#stomps
$ENGINE_PAR_CS_LOW	Insert Effects / Stomps	0	mirror/outbox; no engine consumer	no applied value law	https://docs.native-instruments.com/ni-tech-manuals/ksp-manual/en/engine-parameters#stomps
$ENGINE_PAR_CS_HIGH	Insert Effects / Stomps	0	mirror/outbox; no engine consumer	no applied value law	https://docs.native-instruments.com/ni-tech-manuals/ksp-manual/en/engine-parameters#stomps
$ENGINE_PAR_CS_LEVEL	Insert Effects / Stomps	0	mirror/outbox; no engine consumer	no applied value law	https://docs.native-instruments.com/ni-tech-manuals/ksp-manual/en/engine-parameters#stomps
$ENGINE_PAR_CS_MONO	Insert Effects / Stomps	0	mirror/outbox; no engine consumer	no applied value law	https://docs.native-instruments.com/ni-tech-manuals/ksp-manual/en/engine-parameters#stomps
$ENGINE_PAR_CW_MONO	Insert Effects / Stomps	0	mirror/outbox; no engine consumer	no applied value law	https://docs.native-instruments.com/ni-tech-manuals/ksp-manual/en/engine-parameters#stomps
$ENGINE_PAR_CW_PEDAL	Insert Effects / Stomps	0	mirror/outbox; no engine consumer	no applied value law	https://docs.native-instruments.com/ni-tech-manuals/ksp-manual/en/engine-parameters#stomps
$ENGINE_PAR_DIRT_DRIVEA	Insert Effects / Stomps	0	mirror/outbox; no engine consumer	no applied value law	https://docs.native-instruments.com/ni-tech-manuals/ksp-manual/en/engine-parameters#stomps
$ENGINE_PAR_DIRT_AMOUNTA	Insert Effects / Stomps	0	mirror/outbox; no engine consumer	no applied value law	https://docs.native-instruments.com/ni-tech-manuals/ksp-manual/en/engine-parameters#stomps
$ENGINE_PAR_DIRT_BIASA	Insert Effects / Stomps	0	mirror/outbox; no engine consumer	no applied value law	https://docs.native-instruments.com/ni-tech-manuals/ksp-manual/en/engine-parameters#stomps
$ENGINE_PAR_DIRT_TILTA	Insert Effects / Stomps	0	mirror/outbox; no engine consumer	no applied value law	https://docs.native-instruments.com/ni-tech-manuals/ksp-manual/en/engine-parameters#stomps
$ENGINE_PAR_DIRT_MODEA	Insert Effects / Stomps	0	mirror/outbox; no engine consumer	no applied value law	https://docs.native-instruments.com/ni-tech-manuals/ksp-manual/en/engine-parameters#stomps
$ENGINE_PAR_DIRT_SAFETYA	Insert Effects / Stomps	0	mirror/outbox; no engine consumer	no applied value law	https://docs.native-instruments.com/ni-tech-manuals/ksp-manual/en/engine-parameters#stomps
$ENGINE_PAR_DIRT_DRIVEB	Insert Effects / Stomps	0	mirror/outbox; no engine consumer	no applied value law	https://docs.native-instruments.com/ni-tech-manuals/ksp-manual/en/engine-parameters#stomps
$ENGINE_PAR_DIRT_AMOUNTB	Insert Effects / Stomps	0	mirror/outbox; no engine consumer	no applied value law	https://docs.native-instruments.com/ni-tech-manuals/ksp-manual/en/engine-parameters#stomps
$ENGINE_PAR_DIRT_BIASB	Insert Effects / Stomps	0	mirror/outbox; no engine consumer	no applied value law	https://docs.native-instruments.com/ni-tech-manuals/ksp-manual/en/engine-parameters#stomps
$ENGINE_PAR_DIRT_TILTB	Insert Effects / Stomps	0	mirror/outbox; no engine consumer	no applied value law	https://docs.native-instruments.com/ni-tech-manuals/ksp-manual/en/engine-parameters#stomps
$ENGINE_PAR_DIRT_MODEB	Insert Effects / Stomps	0	mirror/outbox; no engine consumer	no applied value law	https://docs.native-instruments.com/ni-tech-manuals/ksp-manual/en/engine-parameters#stomps
$ENGINE_PAR_DIRT_SAFETYB	Insert Effects / Stomps	0	mirror/outbox; no engine consumer	no applied value law	https://docs.native-instruments.com/ni-tech-manuals/ksp-manual/en/engine-parameters#stomps
$ENGINE_PAR_DIRT_ROUTING	Insert Effects / Stomps	0	mirror/outbox; no engine consumer	no applied value law	https://docs.native-instruments.com/ni-tech-manuals/ksp-manual/en/engine-parameters#stomps
$ENGINE_PAR_DIRT_MIX	Insert Effects / Stomps	0	mirror/outbox; no engine consumer	no applied value law	https://docs.native-instruments.com/ni-tech-manuals/ksp-manual/en/engine-parameters#stomps
$ENGINE_PAR_DIRT_BLEND	Insert Effects / Stomps	0	mirror/outbox; no engine consumer	no applied value law	https://docs.native-instruments.com/ni-tech-manuals/ksp-manual/en/engine-parameters#stomps
$ENGINE_PAR_DRIVE	Insert Effects / Stomps	5	mirror/outbox; no engine consumer	no applied value law	https://docs.native-instruments.com/ni-tech-manuals/ksp-manual/en/engine-parameters#stomps
$ENGINE_PAR_DAMPING	Insert Effects / Stomps	5	mirror/outbox; no engine consumer	no applied value law	https://docs.native-instruments.com/ni-tech-manuals/ksp-manual/en/engine-parameters#stomps
$ENGINE_PAR_DISTORTION_TYPE	Insert Effects / Stomps	1	mirror/outbox; no engine consumer	no applied value law	https://docs.native-instruments.com/ni-tech-manuals/ksp-manual/en/engine-parameters#stomps
$ENGINE_PAR_DS_VOLUME	Insert Effects / Stomps	0	mirror/outbox; no engine consumer	no applied value law	https://docs.native-instruments.com/ni-tech-manuals/ksp-manual/en/engine-parameters#stomps
$ENGINE_PAR_DS_TONE	Insert Effects / Stomps	1	mirror/outbox; no engine consumer	no applied value law	https://docs.native-instruments.com/ni-tech-manuals/ksp-manual/en/engine-parameters#stomps
$ENGINE_PAR_DS_DRIVE	Insert Effects / Stomps	1	mirror/outbox; no engine consumer	no applied value law	https://docs.native-instruments.com/ni-tech-manuals/ksp-manual/en/engine-parameters#stomps
$ENGINE_PAR_DS_BASS	Insert Effects / Stomps	0	mirror/outbox; no engine consumer	no applied value law	https://docs.native-instruments.com/ni-tech-manuals/ksp-manual/en/engine-parameters#stomps
$ENGINE_PAR_DS_MID	Insert Effects / Stomps	1	mirror/outbox; no engine consumer	no applied value law	https://docs.native-instruments.com/ni-tech-manuals/ksp-manual/en/engine-parameters#stomps
$ENGINE_PAR_DS_TREBLE	Insert Effects / Stomps	1	mirror/outbox; no engine consumer	no applied value law	https://docs.native-instruments.com/ni-tech-manuals/ksp-manual/en/engine-parameters#stomps
$ENGINE_PAR_DS_MONO	Insert Effects / Stomps	0	mirror/outbox; no engine consumer	no applied value law	https://docs.native-instruments.com/ni-tech-manuals/ksp-manual/en/engine-parameters#stomps
$ENGINE_PAR_FUZZ_AMOUNT	Insert Effects / Stomps	0	mirror/outbox; no engine consumer	no applied value law	https://docs.native-instruments.com/ni-tech-manuals/ksp-manual/en/engine-parameters#stomps
$ENGINE_PAR_FUZZ_BASS	Insert Effects / Stomps	0	mirror/outbox; no engine consumer	no applied value law	https://docs.native-instruments.com/ni-tech-manuals/ksp-manual/en/engine-parameters#stomps
$ENGINE_PAR_FUZZ_TREBLE	Insert Effects / Stomps	0	mirror/outbox; no engine consumer	no applied value law	https://docs.native-instruments.com/ni-tech-manuals/ksp-manual/en/engine-parameters#stomps
$ENGINE_PAR_FUZZ_MONO	Insert Effects / Stomps	0	mirror/outbox; no engine consumer	no applied value law	https://docs.native-instruments.com/ni-tech-manuals/ksp-manual/en/engine-parameters#stomps
$ENGINE_PAR_KOLOR_MODE	Insert Effects / Stomps	0	mirror/outbox; no engine consumer	no applied value law	https://docs.native-instruments.com/ni-tech-manuals/ksp-manual/en/engine-parameters#stomps
$ENGINE_PAR_KOLOR_DRIVE	Insert Effects / Stomps	0	mirror/outbox; no engine consumer	no applied value law	https://docs.native-instruments.com/ni-tech-manuals/ksp-manual/en/engine-parameters#stomps
$ENGINE_PAR_KOLOR_BOOST	Insert Effects / Stomps	0	mirror/outbox; no engine consumer	no applied value law	https://docs.native-instruments.com/ni-tech-manuals/ksp-manual/en/engine-parameters#stomps
$ENGINE_PAR_KOLOR_BOOST_LEVEL	Insert Effects / Stomps	0	mirror/outbox; no engine consumer	no applied value law	https://docs.native-instruments.com/ni-tech-manuals/ksp-manual/en/engine-parameters#stomps
$ENGINE_PAR_KOLOR_BASS_SAVER	Insert Effects / Stomps	0	mirror/outbox; no engine consumer	no applied value law	https://docs.native-instruments.com/ni-tech-manuals/ksp-manual/en/engine-parameters#stomps
$ENGINE_PAR_KOLOR_LPF	Insert Effects / Stomps	0	mirror/outbox; no engine consumer	no applied value law	https://docs.native-instruments.com/ni-tech-manuals/ksp-manual/en/engine-parameters#stomps
$ENGINE_PAR_KOLOR_HPF	Insert Effects / Stomps	0	mirror/outbox; no engine consumer	no applied value law	https://docs.native-instruments.com/ni-tech-manuals/ksp-manual/en/engine-parameters#stomps
$ENGINE_PAR_KOLOR_BASS	Insert Effects / Stomps	0	mirror/outbox; no engine consumer	no applied value law	https://docs.native-instruments.com/ni-tech-manuals/ksp-manual/en/engine-parameters#stomps
$ENGINE_PAR_KOLOR_MID	Insert Effects / Stomps	0	mirror/outbox; no engine consumer	no applied value law	https://docs.native-instruments.com/ni-tech-manuals/ksp-manual/en/engine-parameters#stomps
$ENGINE_PAR_KOLOR_MID_FREQ	Insert Effects / Stomps	0	mirror/outbox; no engine consumer	no applied value law	https://docs.native-instruments.com/ni-tech-manuals/ksp-manual/en/engine-parameters#stomps
$ENGINE_PAR_KOLOR_MID_Q	Insert Effects / Stomps	0	mirror/outbox; no engine consumer	no applied value law	https://docs.native-instruments.com/ni-tech-manuals/ksp-manual/en/engine-parameters#stomps
$ENGINE_PAR_KOLOR_TREBLE	Insert Effects / Stomps	0	mirror/outbox; no engine consumer	no applied value law	https://docs.native-instruments.com/ni-tech-manuals/ksp-manual/en/engine-parameters#stomps
$ENGINE_PAR_KOLOR_MIX	Insert Effects / Stomps	0	mirror/outbox; no engine consumer	no applied value law	https://docs.native-instruments.com/ni-tech-manuals/ksp-manual/en/engine-parameters#stomps
$ENGINE_PAR_SHAPE	Insert Effects / Stomps	4	mirror/outbox; no engine consumer	no applied value law	https://docs.native-instruments.com/ni-tech-manuals/ksp-manual/en/engine-parameters#stomps
$ENGINE_PAR_SHAPE_TYPE	Insert Effects / Stomps	0	mirror/outbox; no engine consumer	no applied value law	https://docs.native-instruments.com/ni-tech-manuals/ksp-manual/en/engine-parameters#stomps
$ENGINE_PAR_SK_TONE	Insert Effects / Stomps	3	mirror/outbox; no engine consumer	no applied value law	https://docs.native-instruments.com/ni-tech-manuals/ksp-manual/en/engine-parameters#stomps
$ENGINE_PAR_SK_DRIVE	Insert Effects / Stomps	3	mirror/outbox; no engine consumer	no applied value law	https://docs.native-instruments.com/ni-tech-manuals/ksp-manual/en/engine-parameters#stomps
$ENGINE_PAR_SK_BASS	Insert Effects / Stomps	3	mirror/outbox; no engine consumer	no applied value law	https://docs.native-instruments.com/ni-tech-manuals/ksp-manual/en/engine-parameters#stomps
$ENGINE_PAR_SK_BRIGHT	Insert Effects / Stomps	3	mirror/outbox; no engine consumer	no applied value law	https://docs.native-instruments.com/ni-tech-manuals/ksp-manual/en/engine-parameters#stomps
$ENGINE_PAR_SK_MIX	Insert Effects / Stomps	3	mirror/outbox; no engine consumer	no applied value law	https://docs.native-instruments.com/ni-tech-manuals/ksp-manual/en/engine-parameters#stomps
$ENGINE_PAR_SKDLX_MODE	Insert Effects / Stomps	0	mirror/outbox; no engine consumer	no applied value law	https://docs.native-instruments.com/ni-tech-manuals/ksp-manual/en/engine-parameters#stomps
$ENGINE_PAR_SKDLX_DRIVE	Insert Effects / Stomps	0	mirror/outbox; no engine consumer	no applied value law	https://docs.native-instruments.com/ni-tech-manuals/ksp-manual/en/engine-parameters#stomps
$ENGINE_PAR_SKDLX_TONE	Insert Effects / Stomps	0	mirror/outbox; no engine consumer	no applied value law	https://docs.native-instruments.com/ni-tech-manuals/ksp-manual/en/engine-parameters#stomps
$ENGINE_PAR_SKDLX_BASS	Insert Effects / Stomps	0	mirror/outbox; no engine consumer	no applied value law	https://docs.native-instruments.com/ni-tech-manuals/ksp-manual/en/engine-parameters#stomps
$ENGINE_PAR_SKDLX_MID	Insert Effects / Stomps	0	mirror/outbox; no engine consumer	no applied value law	https://docs.native-instruments.com/ni-tech-manuals/ksp-manual/en/engine-parameters#stomps
$ENGINE_PAR_SKDLX_TREBLE	Insert Effects / Stomps	0	mirror/outbox; no engine consumer	no applied value law	https://docs.native-instruments.com/ni-tech-manuals/ksp-manual/en/engine-parameters#stomps
$ENGINE_PAR_SKDLX_MONO	Insert Effects / Stomps	0	mirror/outbox; no engine consumer	no applied value law	https://docs.native-instruments.com/ni-tech-manuals/ksp-manual/en/engine-parameters#stomps
$ENGINE_PAR_BITE_FREQUENCY	Insert Effects / Lo-Fi	1	mirror/outbox; no engine consumer	no applied value law	https://docs.native-instruments.com/ni-tech-manuals/ksp-manual/en/engine-parameters#lo-fi
$ENGINE_PAR_BITE_BITS	Insert Effects / Lo-Fi	1	mirror/outbox; no engine consumer	no applied value law	https://docs.native-instruments.com/ni-tech-manuals/ksp-manual/en/engine-parameters#lo-fi
$ENGINE_PAR_BITE_JITTER	Insert Effects / Lo-Fi	1	mirror/outbox; no engine consumer	no applied value law	https://docs.native-instruments.com/ni-tech-manuals/ksp-manual/en/engine-parameters#lo-fi
$ENGINE_PAR_BITE_CRUNCH	Insert Effects / Lo-Fi	1	mirror/outbox; no engine consumer	no applied value law	https://docs.native-instruments.com/ni-tech-manuals/ksp-manual/en/engine-parameters#lo-fi
$ENGINE_PAR_BITE_DITHER	Insert Effects / Lo-Fi	1	mirror/outbox; no engine consumer	no applied value law	https://docs.native-instruments.com/ni-tech-manuals/ksp-manual/en/engine-parameters#lo-fi
$ENGINE_PAR_BITE_EXPAND	Insert Effects / Lo-Fi	1	mirror/outbox; no engine consumer	no applied value law	https://docs.native-instruments.com/ni-tech-manuals/ksp-manual/en/engine-parameters#lo-fi
$ENGINE_PAR_BITE_SATURATE	Insert Effects / Lo-Fi	1	mirror/outbox; no engine consumer	no applied value law	https://docs.native-instruments.com/ni-tech-manuals/ksp-manual/en/engine-parameters#lo-fi
$ENGINE_PAR_BITE_PREFILTER	Insert Effects / Lo-Fi	1	mirror/outbox; no engine consumer	no applied value law	https://docs.native-instruments.com/ni-tech-manuals/ksp-manual/en/engine-parameters#lo-fi
$ENGINE_PAR_BITE_POSTFILTER	Insert Effects / Lo-Fi	1	mirror/outbox; no engine consumer	no applied value law	https://docs.native-instruments.com/ni-tech-manuals/ksp-manual/en/engine-parameters#lo-fi
$ENGINE_PAR_BITE_DC_QUANT	Insert Effects / Lo-Fi	1	mirror/outbox; no engine consumer	no applied value law	https://docs.native-instruments.com/ni-tech-manuals/ksp-manual/en/engine-parameters#lo-fi
$ENGINE_PAR_BITE_HPF	Insert Effects / Lo-Fi	1	mirror/outbox; no engine consumer	no applied value law	https://docs.native-instruments.com/ni-tech-manuals/ksp-manual/en/engine-parameters#lo-fi
$ENGINE_PAR_BITE_MIX	Insert Effects / Lo-Fi	0	mirror/outbox; no engine consumer	no applied value law	https://docs.native-instruments.com/ni-tech-manuals/ksp-manual/en/engine-parameters#lo-fi
$ENGINE_PAR_BITS	Insert Effects / Lo-Fi	4	mirror/outbox; no engine consumer	no applied value law	https://docs.native-instruments.com/ni-tech-manuals/ksp-manual/en/engine-parameters#lo-fi
$ENGINE_PAR_FREQUENCY	Insert Effects / Lo-Fi	4	mirror/outbox; no engine consumer	no applied value law	https://docs.native-instruments.com/ni-tech-manuals/ksp-manual/en/engine-parameters#lo-fi
$ENGINE_PAR_NOISELEVEL	Insert Effects / Lo-Fi	3	mirror/outbox; no engine consumer	no applied value law	https://docs.native-instruments.com/ni-tech-manuals/ksp-manual/en/engine-parameters#lo-fi
$ENGINE_PAR_NOISECOLOR	Insert Effects / Lo-Fi	3	mirror/outbox; no engine consumer	no applied value law	https://docs.native-instruments.com/ni-tech-manuals/ksp-manual/en/engine-parameters#lo-fi
$ENGINE_PAR_TP_GAIN	Insert Effects / Tape	5	mirror/outbox; no engine consumer	no applied value law	https://docs.native-instruments.com/ni-tech-manuals/ksp-manual/en/engine-parameters#tape
$ENGINE_PAR_TP_WARMTH	Insert Effects / Tape	5	mirror/outbox; no engine consumer	no applied value law	https://docs.native-instruments.com/ni-tech-manuals/ksp-manual/en/engine-parameters#tape
$ENGINE_PAR_TP_HF_ROLLOFF	Insert Effects / Tape	5	mirror/outbox; no engine consumer	no applied value law	https://docs.native-instruments.com/ni-tech-manuals/ksp-manual/en/engine-parameters#tape
$ENGINE_PAR_TP_QUALITY	Insert Effects / Tape	1	mirror/outbox; no engine consumer	no applied value law	https://docs.native-instruments.com/ni-tech-manuals/ksp-manual/en/engine-parameters#tape
$ENGINE_PAR_WOWFLUTTER_WOW	Insert Effects / Tape	1	mirror/outbox; no engine consumer	no applied value law	https://docs.native-instruments.com/ni-tech-manuals/ksp-manual/en/engine-parameters#tape
$ENGINE_PAR_WOWFLUTTER_FLUTTER	Insert Effects / Tape	1	mirror/outbox; no engine consumer	no applied value law	https://docs.native-instruments.com/ni-tech-manuals/ksp-manual/en/engine-parameters#tape
$ENGINE_PAR_WOWFLUTTER_SCRAPE	Insert Effects / Tape	1	mirror/outbox; no engine consumer	no applied value law	https://docs.native-instruments.com/ni-tech-manuals/ksp-manual/en/engine-parameters#tape
$ENGINE_PAR_WOWFLUTTER_SPEED	Insert Effects / Tape	1	mirror/outbox; no engine consumer	no applied value law	https://docs.native-instruments.com/ni-tech-manuals/ksp-manual/en/engine-parameters#tape
$ENGINE_PAR_WOWFLUTTER_STEREO	Insert Effects / Tape	1	mirror/outbox; no engine consumer	no applied value law	https://docs.native-instruments.com/ni-tech-manuals/ksp-manual/en/engine-parameters#tape
$ENGINE_PAR_WOWFLUTTER_AGE	Insert Effects / Tape	1	mirror/outbox; no engine consumer	no applied value law	https://docs.native-instruments.com/ni-tech-manuals/ksp-manual/en/engine-parameters#tape
$ENGINE_PAR_WOWFLUTTER_SATURATION	Insert Effects / Tape	1	mirror/outbox; no engine consumer	no applied value law	https://docs.native-instruments.com/ni-tech-manuals/ksp-manual/en/engine-parameters#tape
$ENGINE_PAR_WOWFLUTTER_MIX	Insert Effects / Tape	1	mirror/outbox; no engine consumer	no applied value law	https://docs.native-instruments.com/ni-tech-manuals/ksp-manual/en/engine-parameters#tape
$ENGINE_PAR_WOWFLUTTER_GATE	Insert Effects / Tape	0	mirror/outbox; no engine consumer	no applied value law	https://docs.native-instruments.com/ni-tech-manuals/ksp-manual/en/engine-parameters#tape
$ENGINE_PAR_CHORAL_RATE	Insert Effects / Modulation	2	mirror/outbox; no engine consumer	no applied value law	https://docs.native-instruments.com/ni-tech-manuals/ksp-manual/en/engine-parameters#modulation-732579
$ENGINE_PAR_CHORAL_MODE	Insert Effects / Modulation	1	mirror/outbox; no engine consumer	no applied value law	https://docs.native-instruments.com/ni-tech-manuals/ksp-manual/en/engine-parameters#modulation-732579
$ENGINE_PAR_CHORAL_AMOUNT	Insert Effects / Modulation	2	mirror/outbox; no engine consumer	no applied value law	https://docs.native-instruments.com/ni-tech-manuals/ksp-manual/en/engine-parameters#modulation-732579
$ENGINE_PAR_CHORAL_VOICES	Insert Effects / Modulation	2	mirror/outbox; no engine consumer	no applied value law	https://docs.native-instruments.com/ni-tech-manuals/ksp-manual/en/engine-parameters#modulation-732579
$ENGINE_PAR_CHORAL_DELAY	Insert Effects / Modulation	1	mirror/outbox; no engine consumer	no applied value law	https://docs.native-instruments.com/ni-tech-manuals/ksp-manual/en/engine-parameters#modulation-732579
$ENGINE_PAR_CHORAL_WIDTH	Insert Effects / Modulation	2	mirror/outbox; no engine consumer	no applied value law	https://docs.native-instruments.com/ni-tech-manuals/ksp-manual/en/engine-parameters#modulation-732579
$ENGINE_PAR_CHORAL_FEEDBACK	Insert Effects / Modulation	2	mirror/outbox; no engine consumer	no applied value law	https://docs.native-instruments.com/ni-tech-manuals/ksp-manual/en/engine-parameters#modulation-732579
$ENGINE_PAR_CHORAL_SCATTER	Insert Effects / Modulation	1	mirror/outbox; no engine consumer	no applied value law	https://docs.native-instruments.com/ni-tech-manuals/ksp-manual/en/engine-parameters#modulation-732579
$ENGINE_PAR_CHORAL_INVERT_PHASE	Insert Effects / Modulation	1	mirror/outbox; no engine consumer	no applied value law	https://docs.native-instruments.com/ni-tech-manuals/ksp-manual/en/engine-parameters#modulation-732579
$ENGINE_PAR_CHORAL_MIX	Insert Effects / Modulation	2	mirror/outbox; no engine consumer	no applied value law	https://docs.native-instruments.com/ni-tech-manuals/ksp-manual/en/engine-parameters#modulation-732579
$ENGINE_PAR_FLAIR_MODE	Insert Effects / Modulation	2	mirror/outbox; no engine consumer	no applied value law	https://docs.native-instruments.com/ni-tech-manuals/ksp-manual/en/engine-parameters#modulation-732579
$ENGINE_PAR_FLAIR_CHORD	Insert Effects / Modulation	2	mirror/outbox; no engine consumer	no applied value law	https://docs.native-instruments.com/ni-tech-manuals/ksp-manual/en/engine-parameters#modulation-732579
$ENGINE_PAR_FLAIR_INVERT_PHASE	Insert Effects / Modulation	1	mirror/outbox; no engine consumer	no applied value law	https://docs.native-instruments.com/ni-tech-manuals/ksp-manual/en/engine-parameters#modulation-732579
$ENGINE_PAR_FLAIR_RATE	Insert Effects / Modulation	2	mirror/outbox; no engine consumer	no applied value law	https://docs.native-instruments.com/ni-tech-manuals/ksp-manual/en/engine-parameters#modulation-732579
$ENGINE_PAR_FLAIR_RATE_UNIT	Insert Effects / Modulation	0	mirror/outbox; no engine consumer	no applied value law	https://docs.native-instruments.com/ni-tech-manuals/ksp-manual/en/engine-parameters#modulation-732579
$ENGINE_PAR_FLAIR_FEEDBACK	Insert Effects / Modulation	1	mirror/outbox; no engine consumer	no applied value law	https://docs.native-instruments.com/ni-tech-manuals/ksp-manual/en/engine-parameters#modulation-732579
$ENGINE_PAR_FLAIR_AMOUNT	Insert Effects / Modulation	2	mirror/outbox; no engine consumer	no applied value law	https://docs.native-instruments.com/ni-tech-manuals/ksp-manual/en/engine-parameters#modulation-732579
$ENGINE_PAR_FLAIR_WIDTH	Insert Effects / Modulation	1	mirror/outbox; no engine consumer	no applied value law	https://docs.native-instruments.com/ni-tech-manuals/ksp-manual/en/engine-parameters#modulation-732579
$ENGINE_PAR_FLAIR_PITCH	Insert Effects / Modulation	2	mirror/outbox; no engine consumer	no applied value law	https://docs.native-instruments.com/ni-tech-manuals/ksp-manual/en/engine-parameters#modulation-732579
$ENGINE_PAR_FLAIR_DAMPING	Insert Effects / Modulation	0	mirror/outbox; no engine consumer	no applied value law	https://docs.native-instruments.com/ni-tech-manuals/ksp-manual/en/engine-parameters#modulation-732579
$ENGINE_PAR_FLAIR_VOICES	Insert Effects / Modulation	2	mirror/outbox; no engine consumer	no applied value law	https://docs.native-instruments.com/ni-tech-manuals/ksp-manual/en/engine-parameters#modulation-732579
$ENGINE_PAR_FLAIR_DETUNE	Insert Effects / Modulation	1	mirror/outbox; no engine consumer	no applied value law	https://docs.native-instruments.com/ni-tech-manuals/ksp-manual/en/engine-parameters#modulation-732579
$ENGINE_PAR_FLAIR_MIX	Insert Effects / Modulation	2	mirror/outbox; no engine consumer	no applied value law	https://docs.native-instruments.com/ni-tech-manuals/ksp-manual/en/engine-parameters#modulation-732579
$ENGINE_PAR_FLAIR_OFFSET	Insert Effects / Modulation	1	mirror/outbox; no engine consumer	no applied value law	https://docs.native-instruments.com/ni-tech-manuals/ksp-manual/en/engine-parameters#modulation-732579
$ENGINE_PAR_FLAIR_SCANMODE	Insert Effects / Modulation	0	mirror/outbox; no engine consumer	no applied value law	https://docs.native-instruments.com/ni-tech-manuals/ksp-manual/en/engine-parameters#modulation-732579
$ENGINE_PAR_FREAK_MODE	Insert Effects / Modulation	1	mirror/outbox; no engine consumer	no applied value law	https://docs.native-instruments.com/ni-tech-manuals/ksp-manual/en/engine-parameters#modulation-732579
$ENGINE_PAR_FREAK_TYPE	Insert Effects / Modulation	1	mirror/outbox; no engine consumer	no applied value law	https://docs.native-instruments.com/ni-tech-manuals/ksp-manual/en/engine-parameters#modulation-732579
$ENGINE_PAR_FREAK_HARMONICS	Insert Effects / Modulation	1	mirror/outbox; no engine consumer	no applied value law	https://docs.native-instruments.com/ni-tech-manuals/ksp-manual/en/engine-parameters#modulation-732579
$ENGINE_PAR_FREAK_FEEDBACK	Insert Effects / Modulation	1	mirror/outbox; no engine consumer	no applied value law	https://docs.native-instruments.com/ni-tech-manuals/ksp-manual/en/engine-parameters#modulation-732579
$ENGINE_PAR_FREAK_MIX	Insert Effects / Modulation	1	mirror/outbox; no engine consumer	no applied value law	https://docs.native-instruments.com/ni-tech-manuals/ksp-manual/en/engine-parameters#modulation-732579
$ENGINE_PAR_FREAK_CARRIER	Insert Effects / Modulation	1	mirror/outbox; no engine consumer	no applied value law	https://docs.native-instruments.com/ni-tech-manuals/ksp-manual/en/engine-parameters#modulation-732579
$ENGINE_PAR_FREAK_TUNING	Insert Effects / Modulation	1	mirror/outbox; no engine consumer	no applied value law	https://docs.native-instruments.com/ni-tech-manuals/ksp-manual/en/engine-parameters#modulation-732579
$ENGINE_PAR_FREAK_WIDTH	Insert Effects / Modulation	1	mirror/outbox; no engine consumer	no applied value law	https://docs.native-instruments.com/ni-tech-manuals/ksp-manual/en/engine-parameters#modulation-732579
$ENGINE_PAR_FREAK_DEMOD	Insert Effects / Modulation	1	mirror/outbox; no engine consumer	no applied value law	https://docs.native-instruments.com/ni-tech-manuals/ksp-manual/en/engine-parameters#modulation-732579
$ENGINE_PAR_FREAK_GATE	Insert Effects / Modulation	0	mirror/outbox; no engine consumer	no applied value law	https://docs.native-instruments.com/ni-tech-manuals/ksp-manual/en/engine-parameters#modulation-732579
$ENGINE_PAR_FREAK_FREQUENCY	Insert Effects / Modulation	1	mirror/outbox; no engine consumer	no applied value law	https://docs.native-instruments.com/ni-tech-manuals/ksp-manual/en/engine-parameters#modulation-732579
$ENGINE_PAR_FREAK_ANTIFOLD	Insert Effects / Modulation	0	mirror/outbox; no engine consumer	no applied value law	https://docs.native-instruments.com/ni-tech-manuals/ksp-manual/en/engine-parameters#modulation-732579
$ENGINE_PAR_FREAK_STEREO	Insert Effects / Modulation	1	mirror/outbox; no engine consumer	no applied value law	https://docs.native-instruments.com/ni-tech-manuals/ksp-manual/en/engine-parameters#modulation-732579
$ENGINE_PAR_FREAK_WIDE_RANGE	Insert Effects / Modulation	1	mirror/outbox; no engine consumer	no applied value law	https://docs.native-instruments.com/ni-tech-manuals/ksp-manual/en/engine-parameters#modulation-732579
$ENGINE_PAR_FREAK_CONTOUR	Insert Effects / Modulation	0	mirror/outbox; no engine consumer	no applied value law	https://docs.native-instruments.com/ni-tech-manuals/ksp-manual/en/engine-parameters#modulation-732579
$ENGINE_PAR_FREAK_RELEASE	Insert Effects / Modulation	0	mirror/outbox; no engine consumer	no applied value law	https://docs.native-instruments.com/ni-tech-manuals/ksp-manual/en/engine-parameters#modulation-732579
$ENGINE_PAR_FREAK_BP_FREQ	Insert Effects / Modulation	0	mirror/outbox; no engine consumer	no applied value law	https://docs.native-instruments.com/ni-tech-manuals/ksp-manual/en/engine-parameters#modulation-732579
$ENGINE_PAR_FREAK_BP_FILTER	Insert Effects / Modulation	0	mirror/outbox; no engine consumer	no applied value law	https://docs.native-instruments.com/ni-tech-manuals/ksp-manual/en/engine-parameters#modulation-732579
$ENGINE_PAR_PHASIS_RATE	Insert Effects / Modulation	2	mirror/outbox; no engine consumer	no applied value law	https://docs.native-instruments.com/ni-tech-manuals/ksp-manual/en/engine-parameters#modulation-732579
$ENGINE_PAR_PHASIS_RATE_UNIT	Insert Effects / Modulation	0	mirror/outbox; no engine consumer	no applied value law	https://docs.native-instruments.com/ni-tech-manuals/ksp-manual/en/engine-parameters#modulation-732579
$ENGINE_PAR_PHASIS_ULTRA	Insert Effects / Modulation	0	mirror/outbox; no engine consumer	no applied value law	https://docs.native-instruments.com/ni-tech-manuals/ksp-manual/en/engine-parameters#modulation-732579
$ENGINE_PAR_PHASIS_AMOUNT	Insert Effects / Modulation	2	mirror/outbox; no engine consumer	no applied value law	https://docs.native-instruments.com/ni-tech-manuals/ksp-manual/en/engine-parameters#modulation-732579
$ENGINE_PAR_PHASIS_CENTER	Insert Effects / Modulation	1	mirror/outbox; no engine consumer	no applied value law	https://docs.native-instruments.com/ni-tech-manuals/ksp-manual/en/engine-parameters#modulation-732579
$ENGINE_PAR_PHASIS_STEREO	Insert Effects / Modulation	2	mirror/outbox; no engine consumer	no applied value law	https://docs.native-instruments.com/ni-tech-manuals/ksp-manual/en/engine-parameters#modulation-732579
$ENGINE_PAR_PHASIS_SPREAD	Insert Effects / Modulation	1	mirror/outbox; no engine consumer	no applied value law	https://docs.native-instruments.com/ni-tech-manuals/ksp-manual/en/engine-parameters#modulation-732579
$ENGINE_PAR_PHASIS_FEEDBACK	Insert Effects / Modulation	2	mirror/outbox; no engine consumer	no applied value law	https://docs.native-instruments.com/ni-tech-manuals/ksp-manual/en/engine-parameters#modulation-732579
$ENGINE_PAR_PHASIS_MOD_MIX	Insert Effects / Modulation	1	mirror/outbox; no engine consumer	no applied value law	https://docs.native-instruments.com/ni-tech-manuals/ksp-manual/en/engine-parameters#modulation-732579
$ENGINE_PAR_PHASIS_NOTCHES	Insert Effects / Modulation	2	mirror/outbox; no engine consumer	no applied value law	https://docs.native-instruments.com/ni-tech-manuals/ksp-manual/en/engine-parameters#modulation-732579
$ENGINE_PAR_PHASIS_INVERT_PHASE	Insert Effects / Modulation	1	mirror/outbox; no engine consumer	no applied value law	https://docs.native-instruments.com/ni-tech-manuals/ksp-manual/en/engine-parameters#modulation-732579
$ENGINE_PAR_PHASIS_INVERT_MOD_MIX	Insert Effects / Modulation	1	mirror/outbox; no engine consumer	no applied value law	https://docs.native-instruments.com/ni-tech-manuals/ksp-manual/en/engine-parameters#modulation-732579
$ENGINE_PAR_PHASIS_MIX	Insert Effects / Modulation	2	mirror/outbox; no engine consumer	no applied value law	https://docs.native-instruments.com/ni-tech-manuals/ksp-manual/en/engine-parameters#modulation-732579
$ENGINE_PAR_RINGMOD_RING	Insert Effects / Modulation	0	mirror/outbox; no engine consumer	no applied value law	https://docs.native-instruments.com/ni-tech-manuals/ksp-manual/en/engine-parameters#modulation-732579
$ENGINE_PAR_RINGMOD_FM	Insert Effects / Modulation	0	mirror/outbox; no engine consumer	no applied value law	https://docs.native-instruments.com/ni-tech-manuals/ksp-manual/en/engine-parameters#modulation-732579
$ENGINE_PAR_RINGMOD_FREQUENCY	Insert Effects / Modulation	0	mirror/outbox; no engine consumer	no applied value law	https://docs.native-instruments.com/ni-tech-manuals/ksp-manual/en/engine-parameters#modulation-732579
$ENGINE_PAR_RINGMOD_EDGE	Insert Effects / Modulation	0	mirror/outbox; no engine consumer	no applied value law	https://docs.native-instruments.com/ni-tech-manuals/ksp-manual/en/engine-parameters#modulation-732579
$ENGINE_PAR_RINGMOD_LFO_RATE	Insert Effects / Modulation	0	mirror/outbox; no engine consumer	no applied value law	https://docs.native-instruments.com/ni-tech-manuals/ksp-manual/en/engine-parameters#modulation-732579
$ENGINE_PAR_RINGMOD_LFO_RATE_UNIT	Insert Effects / Modulation	0	mirror/outbox; no engine consumer	no applied value law	https://docs.native-instruments.com/ni-tech-manuals/ksp-manual/en/engine-parameters#modulation-732579
$ENGINE_PAR_RINGMOD_LFO_AMOUNT	Insert Effects / Modulation	0	mirror/outbox; no engine consumer	no applied value law	https://docs.native-instruments.com/ni-tech-manuals/ksp-manual/en/engine-parameters#modulation-732579
$ENGINE_PAR_RINGMOD_LFO_WAVE	Insert Effects / Modulation	0	mirror/outbox; no engine consumer	no applied value law	https://docs.native-instruments.com/ni-tech-manuals/ksp-manual/en/engine-parameters#modulation-732579
$ENGINE_PAR_RINGMOD_FAST_MODE	Insert Effects / Modulation	0	mirror/outbox; no engine consumer	no applied value law	https://docs.native-instruments.com/ni-tech-manuals/ksp-manual/en/engine-parameters#modulation-732579
$ENGINE_PAR_RT_SPEED	Insert Effects / Modulation	3	mirror/outbox; no engine consumer	no applied value law	https://docs.native-instruments.com/ni-tech-manuals/ksp-manual/en/engine-parameters#modulation-732579
$ENGINE_PAR_RT_BALANCE	Insert Effects / Modulation	3	mirror/outbox; no engine consumer	no applied value law	https://docs.native-instruments.com/ni-tech-manuals/ksp-manual/en/engine-parameters#modulation-732579
$ENGINE_PAR_RT_ACCEL_HI	Insert Effects / Modulation	3	mirror/outbox; no engine consumer	no applied value law	https://docs.native-instruments.com/ni-tech-manuals/ksp-manual/en/engine-parameters#modulation-732579
$ENGINE_PAR_RT_ACCEL_LO	Insert Effects / Modulation	3	mirror/outbox; no engine consumer	no applied value law	https://docs.native-instruments.com/ni-tech-manuals/ksp-manual/en/engine-parameters#modulation-732579
$ENGINE_PAR_RT_DISTANCE	Insert Effects / Modulation	3	mirror/outbox; no engine consumer	no applied value law	https://docs.native-instruments.com/ni-tech-manuals/ksp-manual/en/engine-parameters#modulation-732579
$ENGINE_PAR_RT_MIX	Insert Effects / Modulation	3	mirror/outbox; no engine consumer	no applied value law	https://docs.native-instruments.com/ni-tech-manuals/ksp-manual/en/engine-parameters#modulation-732579
$ENGINE_PAR_VC_BLEND	Insert Effects / Modulation	1	mirror/outbox; no engine consumer	no applied value law	https://docs.native-instruments.com/ni-tech-manuals/ksp-manual/en/engine-parameters#modulation-732579
$ENGINE_PAR_VC_RATE	Insert Effects / Modulation	1	mirror/outbox; no engine consumer	no applied value law	https://docs.native-instruments.com/ni-tech-manuals/ksp-manual/en/engine-parameters#modulation-732579
$ENGINE_PAR_VC_WIDTH	Insert Effects / Modulation	1	mirror/outbox; no engine consumer	no applied value law	https://docs.native-instruments.com/ni-tech-manuals/ksp-manual/en/engine-parameters#modulation-732579
$ENGINE_PAR_VC_MIX	Insert Effects / Modulation	1	mirror/outbox; no engine consumer	no applied value law	https://docs.native-instruments.com/ni-tech-manuals/ksp-manual/en/engine-parameters#modulation-732579
$ENGINE_PAR_VC_DEPTH	Insert Effects / Modulation	1	mirror/outbox; no engine consumer	no applied value law	https://docs.native-instruments.com/ni-tech-manuals/ksp-manual/en/engine-parameters#modulation-732579
$ENGINE_PAR_VC_COLOR	Insert Effects / Modulation	1	mirror/outbox; no engine consumer	no applied value law	https://docs.native-instruments.com/ni-tech-manuals/ksp-manual/en/engine-parameters#modulation-732579
$ENGINE_PAR_BEATMASHER_GATE	Insert Effects / Mangling	0	mirror/outbox; no engine consumer	no applied value law	https://docs.native-instruments.com/ni-tech-manuals/ksp-manual/en/engine-parameters#mangling
$ENGINE_PAR_BEATMASHER_LENGTH	Insert Effects / Mangling	0	mirror/outbox; no engine consumer	no applied value law	https://docs.native-instruments.com/ni-tech-manuals/ksp-manual/en/engine-parameters#mangling
$ENGINE_PAR_BEATMASHER_MASH	Insert Effects / Mangling	0	mirror/outbox; no engine consumer	no applied value law	https://docs.native-instruments.com/ni-tech-manuals/ksp-manual/en/engine-parameters#mangling
$ENGINE_PAR_BEATMASHER_MIX	Insert Effects / Mangling	0	mirror/outbox; no engine consumer	no applied value law	https://docs.native-instruments.com/ni-tech-manuals/ksp-manual/en/engine-parameters#mangling
$ENGINE_PAR_BEATMASHER_REVERSE	Insert Effects / Mangling	0	mirror/outbox; no engine consumer	no applied value law	https://docs.native-instruments.com/ni-tech-manuals/ksp-manual/en/engine-parameters#mangling
$ENGINE_PAR_BEATMASHER_ROTATE	Insert Effects / Mangling	0	mirror/outbox; no engine consumer	no applied value law	https://docs.native-instruments.com/ni-tech-manuals/ksp-manual/en/engine-parameters#mangling
$ENGINE_PAR_BEATMASHER_WRAP	Insert Effects / Mangling	0	mirror/outbox; no engine consumer	no applied value law	https://docs.native-instruments.com/ni-tech-manuals/ksp-manual/en/engine-parameters#mangling
$ENGINE_PAR_BEATSLICER_BUZZ	Insert Effects / Mangling	0	mirror/outbox; no engine consumer	no applied value law	https://docs.native-instruments.com/ni-tech-manuals/ksp-manual/en/engine-parameters#mangling
$ENGINE_PAR_BEATSLICER_GATE	Insert Effects / Mangling	0	mirror/outbox; no engine consumer	no applied value law	https://docs.native-instruments.com/ni-tech-manuals/ksp-manual/en/engine-parameters#mangling
$ENGINE_PAR_BEATSLICER_MIX	Insert Effects / Mangling	0	mirror/outbox; no engine consumer	no applied value law	https://docs.native-instruments.com/ni-tech-manuals/ksp-manual/en/engine-parameters#mangling
$ENGINE_PAR_BEATSLICER_PATTERN	Insert Effects / Mangling	0	mirror/outbox; no engine consumer	no applied value law	https://docs.native-instruments.com/ni-tech-manuals/ksp-manual/en/engine-parameters#mangling
$ENGINE_PAR_BEATSLICER_SLICE	Insert Effects / Mangling	0	mirror/outbox; no engine consumer	no applied value law	https://docs.native-instruments.com/ni-tech-manuals/ksp-manual/en/engine-parameters#mangling
$ENGINE_PAR_BEATSLICER_STYLE	Insert Effects / Mangling	0	mirror/outbox; no engine consumer	no applied value law	https://docs.native-instruments.com/ni-tech-manuals/ksp-manual/en/engine-parameters#mangling
$ENGINE_PAR_BEATSLICER_TWOBARS	Insert Effects / Mangling	0	mirror/outbox; no engine consumer	no applied value law	https://docs.native-instruments.com/ni-tech-manuals/ksp-manual/en/engine-parameters#mangling
$ENGINE_PAR_GATER_GATE	Insert Effects / Mangling	1	mirror/outbox; no engine consumer	no applied value law	https://docs.native-instruments.com/ni-tech-manuals/ksp-manual/en/engine-parameters#mangling
$ENGINE_PAR_GATER_MIX	Insert Effects / Mangling	1	mirror/outbox; no engine consumer	no applied value law	https://docs.native-instruments.com/ni-tech-manuals/ksp-manual/en/engine-parameters#mangling
$ENGINE_PAR_GATER_MUTE_INPUT	Insert Effects / Mangling	0	mirror/outbox; no engine consumer	no applied value law	https://docs.native-instruments.com/ni-tech-manuals/ksp-manual/en/engine-parameters#mangling
$ENGINE_PAR_GATER_NOISE	Insert Effects / Mangling	1	mirror/outbox; no engine consumer	no applied value law	https://docs.native-instruments.com/ni-tech-manuals/ksp-manual/en/engine-parameters#mangling
$ENGINE_PAR_GATER_RATE	Insert Effects / Mangling	1	mirror/outbox; no engine consumer	no applied value law	https://docs.native-instruments.com/ni-tech-manuals/ksp-manual/en/engine-parameters#mangling
$ENGINE_PAR_GATER_RATE_SYNC	Insert Effects / Mangling	1	mirror/outbox; no engine consumer	no applied value law	https://docs.native-instruments.com/ni-tech-manuals/ksp-manual/en/engine-parameters#mangling
$ENGINE_PAR_GATER_SHAPE	Insert Effects / Mangling	1	mirror/outbox; no engine consumer	no applied value law	https://docs.native-instruments.com/ni-tech-manuals/ksp-manual/en/engine-parameters#mangling
$ENGINE_PAR_GATER_STUTTER	Insert Effects / Mangling	0	mirror/outbox; no engine consumer	no applied value law	https://docs.native-instruments.com/ni-tech-manuals/ksp-manual/en/engine-parameters#mangling
$ENGINE_PAR_RG_FORWARD	Insert Effects / Mangling	1	mirror/outbox; no engine consumer	no applied value law	https://docs.native-instruments.com/ni-tech-manuals/ksp-manual/en/engine-parameters#mangling
$ENGINE_PAR_RG_GRAIN	Insert Effects / Mangling	1	mirror/outbox; no engine consumer	no applied value law	https://docs.native-instruments.com/ni-tech-manuals/ksp-manual/en/engine-parameters#mangling
$ENGINE_PAR_RG_INVERT_GRAINS	Insert Effects / Mangling	0	mirror/outbox; no engine consumer	no applied value law	https://docs.native-instruments.com/ni-tech-manuals/ksp-manual/en/engine-parameters#mangling
$ENGINE_PAR_RG_MIX	Insert Effects / Mangling	1	mirror/outbox; no engine consumer	no applied value law	https://docs.native-instruments.com/ni-tech-manuals/ksp-manual/en/engine-parameters#mangling
$ENGINE_PAR_RG_PITCH	Insert Effects / Mangling	1	mirror/outbox; no engine consumer	no applied value law	https://docs.native-instruments.com/ni-tech-manuals/ksp-manual/en/engine-parameters#mangling
$ENGINE_PAR_RG_REVERSE	Insert Effects / Mangling	1	mirror/outbox; no engine consumer	no applied value law	https://docs.native-instruments.com/ni-tech-manuals/ksp-manual/en/engine-parameters#mangling
$ENGINE_PAR_RG_SPEED	Insert Effects / Mangling	1	mirror/outbox; no engine consumer	no applied value law	https://docs.native-instruments.com/ni-tech-manuals/ksp-manual/en/engine-parameters#mangling
$ENGINE_PAR_TS_AMOUNT	Insert Effects / Mangling	0	mirror/outbox; no engine consumer	no applied value law	https://docs.native-instruments.com/ni-tech-manuals/ksp-manual/en/engine-parameters#mangling
$ENGINE_PAR_TS_GRAIN	Insert Effects / Mangling	0	mirror/outbox; no engine consumer	no applied value law	https://docs.native-instruments.com/ni-tech-manuals/ksp-manual/en/engine-parameters#mangling
$ENGINE_PAR_TS_KEY	Insert Effects / Mangling	0	mirror/outbox; no engine consumer	no applied value law	https://docs.native-instruments.com/ni-tech-manuals/ksp-manual/en/engine-parameters#mangling
$ENGINE_PAR_TS_MIX	Insert Effects / Mangling	0	mirror/outbox; no engine consumer	no applied value law	https://docs.native-instruments.com/ni-tech-manuals/ksp-manual/en/engine-parameters#mangling
$ENGINE_PAR_TS_SIZE	Insert Effects / Mangling	0	mirror/outbox; no engine consumer	no applied value law	https://docs.native-instruments.com/ni-tech-manuals/ksp-manual/en/engine-parameters#mangling
$ENGINE_PAR_TS_STRETCH	Insert Effects / Mangling	0	mirror/outbox; no engine consumer	no applied value law	https://docs.native-instruments.com/ni-tech-manuals/ksp-manual/en/engine-parameters#mangling
$ENGINE_PAR_TS_TWOBARS	Insert Effects / Mangling	0	mirror/outbox; no engine consumer	no applied value law	https://docs.native-instruments.com/ni-tech-manuals/ksp-manual/en/engine-parameters#mangling
$ENGINE_PAR_STEREO	Insert Effects / Spatial	356	mirror/outbox; no engine consumer	no applied value law	https://docs.native-instruments.com/ni-tech-manuals/ksp-manual/en/engine-parameters#spatial
$ENGINE_PAR_STEREO_PAN	Insert Effects / Spatial	5	mirror/outbox; no engine consumer	no applied value law	https://docs.native-instruments.com/ni-tech-manuals/ksp-manual/en/engine-parameters#spatial
$ENGINE_PAR_STEREO_PSEUDO	Insert Effects / Spatial	1	mirror/outbox; no engine consumer	no applied value law	https://docs.native-instruments.com/ni-tech-manuals/ksp-manual/en/engine-parameters#spatial
$ENGINE_PAR_STEREOTUNE_SPLIT	Insert Effects / Spatial	0	mirror/outbox; no engine consumer	no applied value law	https://docs.native-instruments.com/ni-tech-manuals/ksp-manual/en/engine-parameters#spatial
$ENGINE_PAR_STEREOTUNE_DRIFT	Insert Effects / Spatial	0	mirror/outbox; no engine consumer	no applied value law	https://docs.native-instruments.com/ni-tech-manuals/ksp-manual/en/engine-parameters#spatial
$ENGINE_PAR_STEREOTUNE_SPREAD	Insert Effects / Spatial	0	mirror/outbox; no engine consumer	no applied value law	https://docs.native-instruments.com/ni-tech-manuals/ksp-manual/en/engine-parameters#spatial
$ENGINE_PAR_STEREOTUNE_MIX	Insert Effects / Spatial	0	mirror/outbox; no engine consumer	no applied value law	https://docs.native-instruments.com/ni-tech-manuals/ksp-manual/en/engine-parameters#spatial
$ENGINE_PAR_SP_OFFSET_DISTANCE	Insert Effects / Spatial	0	mirror/outbox; no engine consumer	no applied value law	https://docs.native-instruments.com/ni-tech-manuals/ksp-manual/en/engine-parameters#spatial
$ENGINE_PAR_SP_OFFSET_AZIMUTH	Insert Effects / Spatial	0	mirror/outbox; no engine consumer	no applied value law	https://docs.native-instruments.com/ni-tech-manuals/ksp-manual/en/engine-parameters#spatial
$ENGINE_PAR_SP_OFFSET_X	Insert Effects / Spatial	0	mirror/outbox; no engine consumer	no applied value law	https://docs.native-instruments.com/ni-tech-manuals/ksp-manual/en/engine-parameters#spatial
$ENGINE_PAR_SP_OFFSET_Y	Insert Effects / Spatial	0	mirror/outbox; no engine consumer	no applied value law	https://docs.native-instruments.com/ni-tech-manuals/ksp-manual/en/engine-parameters#spatial
$ENGINE_PAR_SP_LFE_VOLUME	Insert Effects / Spatial	0	mirror/outbox; no engine consumer	no applied value law	https://docs.native-instruments.com/ni-tech-manuals/ksp-manual/en/engine-parameters#spatial
$ENGINE_PAR_SP_SIZE	Insert Effects / Spatial	0	mirror/outbox; no engine consumer	no applied value law	https://docs.native-instruments.com/ni-tech-manuals/ksp-manual/en/engine-parameters#spatial
$ENGINE_PAR_SP_DIVERGENCE	Insert Effects / Spatial	0	mirror/outbox; no engine consumer	no applied value law	https://docs.native-instruments.com/ni-tech-manuals/ksp-manual/en/engine-parameters#spatial
$ENGINE_PAR_EXP_FILTER_MORPH	Insert Effects / Utilities	0	mirror/outbox; no engine consumer	no applied value law	https://docs.native-instruments.com/ni-tech-manuals/ksp-manual/en/engine-parameters#utilities-732582
$ENGINE_PAR_EXP_FILTER_AMOUNT	Insert Effects / Utilities	0	mirror/outbox; no engine consumer	no applied value law	https://docs.native-instruments.com/ni-tech-manuals/ksp-manual/en/engine-parameters#utilities-732582
$ENGINE_PAR_PHASE_INVERT	Insert Effects / Utilities	0	mirror/outbox; no engine consumer	no applied value law	https://docs.native-instruments.com/ni-tech-manuals/ksp-manual/en/engine-parameters#utilities-732582
$ENGINE_PAR_LR_SWAP	Insert Effects / Utilities	0	mirror/outbox; no engine consumer	no applied value law	https://docs.native-instruments.com/ni-tech-manuals/ksp-manual/en/engine-parameters#utilities-732582
$ENGINE_PAR_SENDLEVEL_0	Insert Effects / Utilities	375	mirror/outbox; no engine consumer	no applied value law	https://docs.native-instruments.com/ni-tech-manuals/ksp-manual/en/engine-parameters#utilities-732582
$ENGINE_PAR_SENDLEVEL_1	Insert Effects / Utilities	4	mirror/outbox; no engine consumer	no applied value law	https://docs.native-instruments.com/ni-tech-manuals/ksp-manual/en/engine-parameters#utilities-732582
$ENGINE_PAR_SENDLEVEL_2	Insert Effects / Utilities	0	mirror/outbox; no engine consumer	no applied value law	https://docs.native-instruments.com/ni-tech-manuals/ksp-manual/en/engine-parameters#utilities-732582
$ENGINE_PAR_SENDLEVEL_3	Insert Effects / Utilities	0	mirror/outbox; no engine consumer	no applied value law	https://docs.native-instruments.com/ni-tech-manuals/ksp-manual/en/engine-parameters#utilities-732582
$ENGINE_PAR_SENDLEVEL_4	Insert Effects / Utilities	0	mirror/outbox; no engine consumer	no applied value law	https://docs.native-instruments.com/ni-tech-manuals/ksp-manual/en/engine-parameters#utilities-732582
$ENGINE_PAR_SENDLEVEL_5	Insert Effects / Utilities	0	mirror/outbox; no engine consumer	no applied value law	https://docs.native-instruments.com/ni-tech-manuals/ksp-manual/en/engine-parameters#utilities-732582
$ENGINE_PAR_SENDLEVEL_6	Insert Effects / Utilities	0	mirror/outbox; no engine consumer	no applied value law	https://docs.native-instruments.com/ni-tech-manuals/ksp-manual/en/engine-parameters#utilities-732582
$ENGINE_PAR_SENDLEVEL_7	Insert Effects / Utilities	0	mirror/outbox; no engine consumer	no applied value law	https://docs.native-instruments.com/ni-tech-manuals/ksp-manual/en/engine-parameters#utilities-732582
$ENGINE_PAR_SEND_EFFECT_BYPASS	Send Effects	376	conditional specialized	v != 0; no runtime get mirror update	https://docs.native-instruments.com/ni-tech-manuals/ksp-manual/en/engine-parameters#send-effects
$ENGINE_PAR_SEND_EFFECT_DRY_LEVEL	Send Effects	721	conditional specialized	(v/396851)^3 linear; no runtime get mirror update	https://docs.native-instruments.com/ni-tech-manuals/ksp-manual/en/engine-parameters#send-effects
$ENGINE_PAR_SEND_EFFECT_OUTPUT_GAIN	Send Effects	725	conditional specialized	(v/396851)^3 linear; no runtime get mirror update	https://docs.native-instruments.com/ni-tech-manuals/ksp-manual/en/engine-parameters#send-effects
$ENGINE_PAR_PSYDL_TIME	Send Effects / Delay	1	mirror/outbox; no engine consumer	no applied value law	https://docs.native-instruments.com/ni-tech-manuals/ksp-manual/en/engine-parameters#delay
$ENGINE_PAR_PSYDL_TIME_UNIT	Send Effects / Delay	1	mirror/outbox; no engine consumer	no applied value law	https://docs.native-instruments.com/ni-tech-manuals/ksp-manual/en/engine-parameters#delay
$ENGINE_PAR_PSYDL_FEEDBACK	Send Effects / Delay	1	mirror/outbox; no engine consumer	no applied value law	https://docs.native-instruments.com/ni-tech-manuals/ksp-manual/en/engine-parameters#delay
$ENGINE_PAR_PSYDL_CROSS_FEEDBACK	Send Effects / Delay	1	mirror/outbox; no engine consumer	no applied value law	https://docs.native-instruments.com/ni-tech-manuals/ksp-manual/en/engine-parameters#delay
$ENGINE_PAR_PSYDL_LR_OFFSET	Send Effects / Delay	1	mirror/outbox; no engine consumer	no applied value law	https://docs.native-instruments.com/ni-tech-manuals/ksp-manual/en/engine-parameters#delay
$ENGINE_PAR_PSYDL_PITCH	Send Effects / Delay	1	mirror/outbox; no engine consumer	no applied value law	https://docs.native-instruments.com/ni-tech-manuals/ksp-manual/en/engine-parameters#delay
$ENGINE_PAR_PSYDL_DETUNE	Send Effects / Delay	1	mirror/outbox; no engine consumer	no applied value law	https://docs.native-instruments.com/ni-tech-manuals/ksp-manual/en/engine-parameters#delay
$ENGINE_PAR_PSYDL_REVERSE	Send Effects / Delay	1	mirror/outbox; no engine consumer	no applied value law	https://docs.native-instruments.com/ni-tech-manuals/ksp-manual/en/engine-parameters#delay
$ENGINE_PAR_PSYDL_REVERSE_STEREO	Send Effects / Delay	0	mirror/outbox; no engine consumer	no applied value law	https://docs.native-instruments.com/ni-tech-manuals/ksp-manual/en/engine-parameters#delay
$ENGINE_PAR_PSYDL_DETUNE_STEREO	Send Effects / Delay	0	mirror/outbox; no engine consumer	no applied value law	https://docs.native-instruments.com/ni-tech-manuals/ksp-manual/en/engine-parameters#delay
$ENGINE_PAR_RDL_TYPE	Send Effects / Delay	2	mirror/outbox; no engine consumer	no applied value law	https://docs.native-instruments.com/ni-tech-manuals/ksp-manual/en/engine-parameters#delay
$ENGINE_PAR_RDL_TIME	Send Effects / Delay	2	mirror/outbox; no engine consumer	no applied value law	https://docs.native-instruments.com/ni-tech-manuals/ksp-manual/en/engine-parameters#delay
$ENGINE_PAR_RDL_TIME_UNIT	Send Effects / Delay	1	mirror/outbox; no engine consumer	no applied value law	https://docs.native-instruments.com/ni-tech-manuals/ksp-manual/en/engine-parameters#delay
$ENGINE_PAR_RDL_FEEDBACK	Send Effects / Delay	2	mirror/outbox; no engine consumer	no applied value law	https://docs.native-instruments.com/ni-tech-manuals/ksp-manual/en/engine-parameters#delay
$ENGINE_PAR_RDL_LOWCUT	Send Effects / Delay	1	mirror/outbox; no engine consumer	no applied value law	https://docs.native-instruments.com/ni-tech-manuals/ksp-manual/en/engine-parameters#delay
$ENGINE_PAR_RDL_HIGHCUT	Send Effects / Delay	1	mirror/outbox; no engine consumer	no applied value law	https://docs.native-instruments.com/ni-tech-manuals/ksp-manual/en/engine-parameters#delay
$ENGINE_PAR_RDL_PINGPONG	Send Effects / Delay	1	mirror/outbox; no engine consumer	no applied value law	https://docs.native-instruments.com/ni-tech-manuals/ksp-manual/en/engine-parameters#delay
$ENGINE_PAR_RDL_PINGPONG_FLIP	Send Effects / Delay	0	mirror/outbox; no engine consumer	no applied value law	https://docs.native-instruments.com/ni-tech-manuals/ksp-manual/en/engine-parameters#delay
$ENGINE_PAR_RDL_SHUFFLE	Send Effects / Delay	0	mirror/outbox; no engine consumer	no applied value law	https://docs.native-instruments.com/ni-tech-manuals/ksp-manual/en/engine-parameters#delay
$ENGINE_PAR_RDL_FEEL	Send Effects / Delay	0	mirror/outbox; no engine consumer	no applied value law	https://docs.native-instruments.com/ni-tech-manuals/ksp-manual/en/engine-parameters#delay
$ENGINE_PAR_RDL_ACCENT	Send Effects / Delay	0	mirror/outbox; no engine consumer	no applied value law	https://docs.native-instruments.com/ni-tech-manuals/ksp-manual/en/engine-parameters#delay
$ENGINE_PAR_RDL_PAN	Send Effects / Delay	0	mirror/outbox; no engine consumer	no applied value law	https://docs.native-instruments.com/ni-tech-manuals/ksp-manual/en/engine-parameters#delay
$ENGINE_PAR_RDL_WIDTH	Send Effects / Delay	0	mirror/outbox; no engine consumer	no applied value law	https://docs.native-instruments.com/ni-tech-manuals/ksp-manual/en/engine-parameters#delay
$ENGINE_PAR_RDL_LR_OFFSET	Send Effects / Delay	0	mirror/outbox; no engine consumer	no applied value law	https://docs.native-instruments.com/ni-tech-manuals/ksp-manual/en/engine-parameters#delay
$ENGINE_PAR_RDL_DUCKING_SENSE	Send Effects / Delay	0	mirror/outbox; no engine consumer	no applied value law	https://docs.native-instruments.com/ni-tech-manuals/ksp-manual/en/engine-parameters#delay
$ENGINE_PAR_RDL_DUCKING_RELEASE	Send Effects / Delay	0	mirror/outbox; no engine consumer	no applied value law	https://docs.native-instruments.com/ni-tech-manuals/ksp-manual/en/engine-parameters#delay
$ENGINE_PAR_RDL_DUCKING_AMOUNT	Send Effects / Delay	0	mirror/outbox; no engine consumer	no applied value law	https://docs.native-instruments.com/ni-tech-manuals/ksp-manual/en/engine-parameters#delay
$ENGINE_PAR_RDL_DEPTH	Send Effects / Delay	2	mirror/outbox; no engine consumer	no applied value law	https://docs.native-instruments.com/ni-tech-manuals/ksp-manual/en/engine-parameters#delay
$ENGINE_PAR_RDL_RATE	Send Effects / Delay	2	mirror/outbox; no engine consumer	no applied value law	https://docs.native-instruments.com/ni-tech-manuals/ksp-manual/en/engine-parameters#delay
$ENGINE_PAR_RDL_SATURATION	Send Effects / Delay	1	mirror/outbox; no engine consumer	no applied value law	https://docs.native-instruments.com/ni-tech-manuals/ksp-manual/en/engine-parameters#delay
$ENGINE_PAR_RDL_BBDTYPE	Send Effects / Delay	1	mirror/outbox; no engine consumer	no applied value law	https://docs.native-instruments.com/ni-tech-manuals/ksp-manual/en/engine-parameters#delay
$ENGINE_PAR_RDL_STEREO	Send Effects / Delay	0	mirror/outbox; no engine consumer	no applied value law	https://docs.native-instruments.com/ni-tech-manuals/ksp-manual/en/engine-parameters#delay
$ENGINE_PAR_RDL_TAPEAGE	Send Effects / Delay	1	mirror/outbox; no engine consumer	no applied value law	https://docs.native-instruments.com/ni-tech-manuals/ksp-manual/en/engine-parameters#delay
$ENGINE_PAR_RDL_FLUTTER	Send Effects / Delay	1	mirror/outbox; no engine consumer	no applied value law	https://docs.native-instruments.com/ni-tech-manuals/ksp-manual/en/engine-parameters#delay
$ENGINE_PAR_RDL_NOISE	Send Effects / Delay	0	mirror/outbox; no engine consumer	no applied value law	https://docs.native-instruments.com/ni-tech-manuals/ksp-manual/en/engine-parameters#delay
$ENGINE_PAR_RDL_QUALITY	Send Effects / Delay	1	mirror/outbox; no engine consumer	no applied value law	https://docs.native-instruments.com/ni-tech-manuals/ksp-manual/en/engine-parameters#delay
$ENGINE_PAR_RDL_AMOUNT	Send Effects / Delay	0	mirror/outbox; no engine consumer	no applied value law	https://docs.native-instruments.com/ni-tech-manuals/ksp-manual/en/engine-parameters#delay
$ENGINE_PAR_RDL_SIZE	Send Effects / Delay	0	mirror/outbox; no engine consumer	no applied value law	https://docs.native-instruments.com/ni-tech-manuals/ksp-manual/en/engine-parameters#delay
$ENGINE_PAR_RDL_MODULATION	Send Effects / Delay	0	mirror/outbox; no engine consumer	no applied value law	https://docs.native-instruments.com/ni-tech-manuals/ksp-manual/en/engine-parameters#delay
$ENGINE_PAR_RDL_DENSE	Send Effects / Delay	0	mirror/outbox; no engine consumer	no applied value law	https://docs.native-instruments.com/ni-tech-manuals/ksp-manual/en/engine-parameters#delay
$ENGINE_PAR_TDL_PREDELAY_L	Send Effects / Delay	0	mirror/outbox; no engine consumer	no applied value law	https://docs.native-instruments.com/ni-tech-manuals/ksp-manual/en/engine-parameters#delay
$ENGINE_PAR_TDL_PREDELAY_L_UNIT	Send Effects / Delay	0	mirror/outbox; no engine consumer	no applied value law	https://docs.native-instruments.com/ni-tech-manuals/ksp-manual/en/engine-parameters#delay
$ENGINE_PAR_TDL_TIME_L	Send Effects / Delay	0	mirror/outbox; no engine consumer	no applied value law	https://docs.native-instruments.com/ni-tech-manuals/ksp-manual/en/engine-parameters#delay
$ENGINE_PAR_TDL_TIME_L_UNIT	Send Effects / Delay	0	mirror/outbox; no engine consumer	no applied value law	https://docs.native-instruments.com/ni-tech-manuals/ksp-manual/en/engine-parameters#delay
$ENGINE_PAR_TDL_FEEDBACK_L	Send Effects / Delay	0	mirror/outbox; no engine consumer	no applied value law	https://docs.native-instruments.com/ni-tech-manuals/ksp-manual/en/engine-parameters#delay
$ENGINE_PAR_TDL_LEVEL_L	Send Effects / Delay	0	mirror/outbox; no engine consumer	no applied value law	https://docs.native-instruments.com/ni-tech-manuals/ksp-manual/en/engine-parameters#delay
$ENGINE_PAR_TDL_PREDELAY_R	Send Effects / Delay	0	mirror/outbox; no engine consumer	no applied value law	https://docs.native-instruments.com/ni-tech-manuals/ksp-manual/en/engine-parameters#delay
$ENGINE_PAR_TDL_PREDELAY_R_UNIT	Send Effects / Delay	0	mirror/outbox; no engine consumer	no applied value law	https://docs.native-instruments.com/ni-tech-manuals/ksp-manual/en/engine-parameters#delay
$ENGINE_PAR_TDL_TIME_R	Send Effects / Delay	0	mirror/outbox; no engine consumer	no applied value law	https://docs.native-instruments.com/ni-tech-manuals/ksp-manual/en/engine-parameters#delay
$ENGINE_PAR_TDL_TIME_R_UNIT	Send Effects / Delay	0	mirror/outbox; no engine consumer	no applied value law	https://docs.native-instruments.com/ni-tech-manuals/ksp-manual/en/engine-parameters#delay
$ENGINE_PAR_TDL_FEEDBACK_R	Send Effects / Delay	0	mirror/outbox; no engine consumer	no applied value law	https://docs.native-instruments.com/ni-tech-manuals/ksp-manual/en/engine-parameters#delay
$ENGINE_PAR_TDL_LEVEL_R	Send Effects / Delay	0	mirror/outbox; no engine consumer	no applied value law	https://docs.native-instruments.com/ni-tech-manuals/ksp-manual/en/engine-parameters#delay
$ENGINE_PAR_TDL_CROSS_FEEDBACK	Send Effects / Delay	0	mirror/outbox; no engine consumer	no applied value law	https://docs.native-instruments.com/ni-tech-manuals/ksp-manual/en/engine-parameters#delay
$ENGINE_PAR_TDL_WIDTH	Send Effects / Delay	0	mirror/outbox; no engine consumer	no applied value law	https://docs.native-instruments.com/ni-tech-manuals/ksp-manual/en/engine-parameters#delay
$ENGINE_PAR_DL_TIME	Send Effects / Delay	4	mirror/outbox; no engine consumer	no applied value law	https://docs.native-instruments.com/ni-tech-manuals/ksp-manual/en/engine-parameters#delay
$ENGINE_PAR_DL_TIME_UNIT	Send Effects / Delay	3	mirror/outbox; no engine consumer	no applied value law	https://docs.native-instruments.com/ni-tech-manuals/ksp-manual/en/engine-parameters#delay
$ENGINE_PAR_DL_DAMPING	Send Effects / Delay	3	mirror/outbox; no engine consumer	no applied value law	https://docs.native-instruments.com/ni-tech-manuals/ksp-manual/en/engine-parameters#delay
$ENGINE_PAR_DL_PAN	Send Effects / Delay	4	mirror/outbox; no engine consumer	no applied value law	https://docs.native-instruments.com/ni-tech-manuals/ksp-manual/en/engine-parameters#delay
$ENGINE_PAR_DL_FEEDBACK	Send Effects / Delay	4	mirror/outbox; no engine consumer	no applied value law	https://docs.native-instruments.com/ni-tech-manuals/ksp-manual/en/engine-parameters#delay
$ENGINE_PAR_IRC_PREDELAY	Send Effects / Reverb	5	mirror/outbox; no engine consumer	no applied value law	https://docs.native-instruments.com/ni-tech-manuals/ksp-manual/en/engine-parameters#reverb
$ENGINE_PAR_IRC_LENGTH_RATIO_ER	Send Effects / Reverb	5	mirror/outbox; no engine consumer	no applied value law	https://docs.native-instruments.com/ni-tech-manuals/ksp-manual/en/engine-parameters#reverb
$ENGINE_PAR_IRC_FREQ_LOWPASS_ER	Send Effects / Reverb	4	mirror/outbox; no engine consumer	no applied value law	https://docs.native-instruments.com/ni-tech-manuals/ksp-manual/en/engine-parameters#reverb
$ENGINE_PAR_IRC_FREQ_HIGHPASS_ER	Send Effects / Reverb	4	mirror/outbox; no engine consumer	no applied value law	https://docs.native-instruments.com/ni-tech-manuals/ksp-manual/en/engine-parameters#reverb
$ENGINE_PAR_IRC_LENGTH_RATIO_LR	Send Effects / Reverb	5	mirror/outbox; no engine consumer	no applied value law	https://docs.native-instruments.com/ni-tech-manuals/ksp-manual/en/engine-parameters#reverb
$ENGINE_PAR_IRC_FREQ_LOWPASS_LR	Send Effects / Reverb	5	mirror/outbox; no engine consumer	no applied value law	https://docs.native-instruments.com/ni-tech-manuals/ksp-manual/en/engine-parameters#reverb
$ENGINE_PAR_IRC_FREQ_HIGHPASS_LR	Send Effects / Reverb	5	mirror/outbox; no engine consumer	no applied value law	https://docs.native-instruments.com/ni-tech-manuals/ksp-manual/en/engine-parameters#reverb
$ENGINE_PAR_IRC_ER_LR_BOUNDARY	Send Effects / Reverb	0	mirror/outbox; no engine consumer	no applied value law	https://docs.native-instruments.com/ni-tech-manuals/ksp-manual/en/engine-parameters#reverb
$ENGINE_PAR_IRC_AUTO_GAIN	Send Effects / Reverb	0	mirror/outbox; no engine consumer	no applied value law	https://docs.native-instruments.com/ni-tech-manuals/ksp-manual/en/engine-parameters#reverb
$ENGINE_PAR_IRC_REVERSE	Send Effects / Reverb	0	mirror/outbox; no engine consumer	no applied value law	https://docs.native-instruments.com/ni-tech-manuals/ksp-manual/en/engine-parameters#reverb
$ENGINE_PAR_PR_DECAY	Send Effects / Reverb	0	mirror/outbox; no engine consumer	no applied value law	https://docs.native-instruments.com/ni-tech-manuals/ksp-manual/en/engine-parameters#reverb
$ENGINE_PAR_PR_LOWSHELF	Send Effects / Reverb	0	mirror/outbox; no engine consumer	no applied value law	https://docs.native-instruments.com/ni-tech-manuals/ksp-manual/en/engine-parameters#reverb
$ENGINE_PAR_PR_HIDAMP	Send Effects / Reverb	0	mirror/outbox; no engine consumer	no applied value law	https://docs.native-instruments.com/ni-tech-manuals/ksp-manual/en/engine-parameters#reverb
$ENGINE_PAR_PR_PREDELAY	Send Effects / Reverb	0	mirror/outbox; no engine consumer	no applied value law	https://docs.native-instruments.com/ni-tech-manuals/ksp-manual/en/engine-parameters#reverb
$ENGINE_PAR_PR_STEREO	Send Effects / Reverb	0	mirror/outbox; no engine consumer	no applied value law	https://docs.native-instruments.com/ni-tech-manuals/ksp-manual/en/engine-parameters#reverb
$ENGINE_PAR_RAUM_TYPE	Send Effects / Reverb	1	mirror/outbox; no engine consumer	no applied value law	https://docs.native-instruments.com/ni-tech-manuals/ksp-manual/en/engine-parameters#reverb
$ENGINE_PAR_RAUM_PREDELAY	Send Effects / Reverb	1	mirror/outbox; no engine consumer	no applied value law	https://docs.native-instruments.com/ni-tech-manuals/ksp-manual/en/engine-parameters#reverb
$ENGINE_PAR_RAUM_PREDELAY_UNIT	Send Effects / Reverb	1	mirror/outbox; no engine consumer	no applied value law	https://docs.native-instruments.com/ni-tech-manuals/ksp-manual/en/engine-parameters#reverb
$ENGINE_PAR_RAUM_FEEDBACK	Send Effects / Reverb	1	mirror/outbox; no engine consumer	no applied value law	https://docs.native-instruments.com/ni-tech-manuals/ksp-manual/en/engine-parameters#reverb
$ENGINE_PAR_RAUM_LOWSHELF	Send Effects / Reverb	1	mirror/outbox; no engine consumer	no applied value law	https://docs.native-instruments.com/ni-tech-manuals/ksp-manual/en/engine-parameters#reverb
$ENGINE_PAR_RAUM_HIGHCUT	Send Effects / Reverb	1	mirror/outbox; no engine consumer	no applied value law	https://docs.native-instruments.com/ni-tech-manuals/ksp-manual/en/engine-parameters#reverb
$ENGINE_PAR_RAUM_DECAY	Send Effects / Reverb	1	mirror/outbox; no engine consumer	no applied value law	https://docs.native-instruments.com/ni-tech-manuals/ksp-manual/en/engine-parameters#reverb
$ENGINE_PAR_RAUM_MOD	Send Effects / Reverb	1	mirror/outbox; no engine consumer	no applied value law	https://docs.native-instruments.com/ni-tech-manuals/ksp-manual/en/engine-parameters#reverb
$ENGINE_PAR_RAUM_REVERB	Send Effects / Reverb	1	mirror/outbox; no engine consumer	no applied value law	https://docs.native-instruments.com/ni-tech-manuals/ksp-manual/en/engine-parameters#reverb
$ENGINE_PAR_RAUM_DIFFUSION	Send Effects / Reverb	1	mirror/outbox; no engine consumer	no applied value law	https://docs.native-instruments.com/ni-tech-manuals/ksp-manual/en/engine-parameters#reverb
$ENGINE_PAR_RAUM_SIZE	Send Effects / Reverb	1	mirror/outbox; no engine consumer	no applied value law	https://docs.native-instruments.com/ni-tech-manuals/ksp-manual/en/engine-parameters#reverb
$ENGINE_PAR_RAUM_DAMPING	Send Effects / Reverb	1	mirror/outbox; no engine consumer	no applied value law	https://docs.native-instruments.com/ni-tech-manuals/ksp-manual/en/engine-parameters#reverb
$ENGINE_PAR_RAUM_RATE	Send Effects / Reverb	1	mirror/outbox; no engine consumer	no applied value law	https://docs.native-instruments.com/ni-tech-manuals/ksp-manual/en/engine-parameters#reverb
$ENGINE_PAR_RAUM_FREEZE	Send Effects / Reverb	0	mirror/outbox; no engine consumer	no applied value law	https://docs.native-instruments.com/ni-tech-manuals/ksp-manual/en/engine-parameters#reverb
$ENGINE_PAR_RAUM_SPARSE	Send Effects / Reverb	1	mirror/outbox; no engine consumer	no applied value law	https://docs.native-instruments.com/ni-tech-manuals/ksp-manual/en/engine-parameters#reverb
$ENGINE_PAR_RV2_TYPE	Send Effects / Reverb	371	mirror/outbox; no engine consumer	no applied value law	https://docs.native-instruments.com/ni-tech-manuals/ksp-manual/en/engine-parameters#reverb
$ENGINE_PAR_RV2_TIME	Send Effects / Reverb	371	mirror/outbox; no engine consumer	no applied value law	https://docs.native-instruments.com/ni-tech-manuals/ksp-manual/en/engine-parameters#reverb
$ENGINE_PAR_RV2_SIZE	Send Effects / Reverb	0	mirror/outbox; no engine consumer	no applied value law	https://docs.native-instruments.com/ni-tech-manuals/ksp-manual/en/engine-parameters#reverb
$ENGINE_PAR_RV2_DAMPING	Send Effects / Reverb	0	mirror/outbox; no engine consumer	no applied value law	https://docs.native-instruments.com/ni-tech-manuals/ksp-manual/en/engine-parameters#reverb
$ENGINE_PAR_RV2_MOD	Send Effects / Reverb	0	mirror/outbox; no engine consumer	no applied value law	https://docs.native-instruments.com/ni-tech-manuals/ksp-manual/en/engine-parameters#reverb
$ENGINE_PAR_RV2_DIFF	Send Effects / Reverb	0	mirror/outbox; no engine consumer	no applied value law	https://docs.native-instruments.com/ni-tech-manuals/ksp-manual/en/engine-parameters#reverb
$ENGINE_PAR_RV2_PREDELAY	Send Effects / Reverb	371	mirror/outbox; no engine consumer	no applied value law	https://docs.native-instruments.com/ni-tech-manuals/ksp-manual/en/engine-parameters#reverb
$ENGINE_PAR_RV2_HIGHCUT	Send Effects / Reverb	0	mirror/outbox; no engine consumer	no applied value law	https://docs.native-instruments.com/ni-tech-manuals/ksp-manual/en/engine-parameters#reverb
$ENGINE_PAR_RV2_LOWSHELF	Send Effects / Reverb	0	mirror/outbox; no engine consumer	no applied value law	https://docs.native-instruments.com/ni-tech-manuals/ksp-manual/en/engine-parameters#reverb
$ENGINE_PAR_RV2_STEREO	Send Effects / Reverb	0	mirror/outbox; no engine consumer	no applied value law	https://docs.native-instruments.com/ni-tech-manuals/ksp-manual/en/engine-parameters#reverb
$ENGINE_PAR_RV_PREDELAY	Send Effects / Reverb	1	mirror/outbox; no engine consumer	no applied value law	https://docs.native-instruments.com/ni-tech-manuals/ksp-manual/en/engine-parameters#reverb
$ENGINE_PAR_RV_SIZE	Send Effects / Reverb	1	mirror/outbox; no engine consumer	no applied value law	https://docs.native-instruments.com/ni-tech-manuals/ksp-manual/en/engine-parameters#reverb
$ENGINE_PAR_RV_COLOUR	Send Effects / Reverb	0	mirror/outbox; no engine consumer	no applied value law	https://docs.native-instruments.com/ni-tech-manuals/ksp-manual/en/engine-parameters#reverb
$ENGINE_PAR_RV_STEREO	Send Effects / Reverb	0	mirror/outbox; no engine consumer	no applied value law	https://docs.native-instruments.com/ni-tech-manuals/ksp-manual/en/engine-parameters#reverb
$ENGINE_PAR_RV_DAMPING	Send Effects / Reverb	0	mirror/outbox; no engine consumer	no applied value law	https://docs.native-instruments.com/ni-tech-manuals/ksp-manual/en/engine-parameters#reverb
$ENGINE_PAR_CH_DEPTH	Send Effects / Modulation	4	mirror/outbox; no engine consumer	no applied value law	https://docs.native-instruments.com/ni-tech-manuals/ksp-manual/en/engine-parameters#modulation-732585
$ENGINE_PAR_CH_SPEED	Send Effects / Modulation	4	mirror/outbox; no engine consumer	no applied value law	https://docs.native-instruments.com/ni-tech-manuals/ksp-manual/en/engine-parameters#modulation-732585
$ENGINE_PAR_CH_SPEED_UNIT	Send Effects / Modulation	3	mirror/outbox; no engine consumer	no applied value law	https://docs.native-instruments.com/ni-tech-manuals/ksp-manual/en/engine-parameters#modulation-732585
$ENGINE_PAR_CH_PHASE	Send Effects / Modulation	4	mirror/outbox; no engine consumer	no applied value law	https://docs.native-instruments.com/ni-tech-manuals/ksp-manual/en/engine-parameters#modulation-732585
$ENGINE_PAR_FL_DEPTH	Send Effects / Modulation	3	mirror/outbox; no engine consumer	no applied value law	https://docs.native-instruments.com/ni-tech-manuals/ksp-manual/en/engine-parameters#modulation-732585
$ENGINE_PAR_FL_SPEED	Send Effects / Modulation	3	mirror/outbox; no engine consumer	no applied value law	https://docs.native-instruments.com/ni-tech-manuals/ksp-manual/en/engine-parameters#modulation-732585
$ENGINE_PAR_FL_SPEED_UNIT	Send Effects / Modulation	3	mirror/outbox; no engine consumer	no applied value law	https://docs.native-instruments.com/ni-tech-manuals/ksp-manual/en/engine-parameters#modulation-732585
$ENGINE_PAR_FL_PHASE	Send Effects / Modulation	3	mirror/outbox; no engine consumer	no applied value law	https://docs.native-instruments.com/ni-tech-manuals/ksp-manual/en/engine-parameters#modulation-732585
$ENGINE_PAR_FL_FEEDBACK	Send Effects / Modulation	3	mirror/outbox; no engine consumer	no applied value law	https://docs.native-instruments.com/ni-tech-manuals/ksp-manual/en/engine-parameters#modulation-732585
$ENGINE_PAR_FL_COLOR	Send Effects / Modulation	3	mirror/outbox; no engine consumer	no applied value law	https://docs.native-instruments.com/ni-tech-manuals/ksp-manual/en/engine-parameters#modulation-732585
$ENGINE_PAR_PH_DEPTH	Send Effects / Modulation	4	mirror/outbox; no engine consumer	no applied value law	https://docs.native-instruments.com/ni-tech-manuals/ksp-manual/en/engine-parameters#modulation-732585
$ENGINE_PAR_PH_SPEED	Send Effects / Modulation	4	mirror/outbox; no engine consumer	no applied value law	https://docs.native-instruments.com/ni-tech-manuals/ksp-manual/en/engine-parameters#modulation-732585
$ENGINE_PAR_PH_SPEED_UNIT	Send Effects / Modulation	3	mirror/outbox; no engine consumer	no applied value law	https://docs.native-instruments.com/ni-tech-manuals/ksp-manual/en/engine-parameters#modulation-732585
$ENGINE_PAR_PH_PHASE	Send Effects / Modulation	3	mirror/outbox; no engine consumer	no applied value law	https://docs.native-instruments.com/ni-tech-manuals/ksp-manual/en/engine-parameters#modulation-732585
$ENGINE_PAR_PH_FEEDBACK	Send Effects / Modulation	4	mirror/outbox; no engine consumer	no applied value law	https://docs.native-instruments.com/ni-tech-manuals/ksp-manual/en/engine-parameters#modulation-732585
$ENGINE_PAR_GN_GAIN	Send Effects / Utilities	2018	mirror/outbox; no engine consumer	no applied value law	https://docs.native-instruments.com/ni-tech-manuals/ksp-manual/en/engine-parameters#utilities-732586
$ENGINE_PAR_MOD_TARGET_INTENSITY	Modulation	2410	mirror/outbox; no engine consumer	no applied value law	https://docs.native-instruments.com/ni-tech-manuals/ksp-manual/en/engine-parameters#modulation-102089
$ENGINE_PAR_MOD_TARGET_MP_INTENSITY	Modulation	1	mirror/outbox; no engine consumer	no applied value law	https://docs.native-instruments.com/ni-tech-manuals/ksp-manual/en/engine-parameters#modulation-102089
$ENGINE_PAR_INTMOD_BYPASS	Modulation	1	mirror/outbox; no engine consumer	no applied value law	https://docs.native-instruments.com/ni-tech-manuals/ksp-manual/en/engine-parameters#modulation-102089
$ENGINE_PAR_INTMOD_RETRIGGER	Modulation	1	mirror/outbox; no engine consumer	no applied value law	https://docs.native-instruments.com/ni-tech-manuals/ksp-manual/en/engine-parameters#modulation-102089
$ENGINE_PAR_ATK_CURVE	Modulation	986	conditional specialized	normalized 0..1000000; ENV_AHDSR hash only	https://docs.native-instruments.com/ni-tech-manuals/ksp-manual/en/engine-parameters#modulation-102089
$ENGINE_PAR_ATTACK	Modulation	1541	conditional specialized	2^(v*(log2(15002)-1)/1000000+1)-2 ms; ENV_AHDSR hash only	https://docs.native-instruments.com/ni-tech-manuals/ksp-manual/en/engine-parameters#modulation-102089
$ENGINE_PAR_ATTACK_UNIT	Modulation	0	mirror/outbox; no engine consumer	no applied value law	https://docs.native-instruments.com/ni-tech-manuals/ksp-manual/en/engine-parameters#modulation-102089
$ENGINE_PAR_HOLD	Modulation	229	mirror/outbox; no engine consumer	no applied value law	https://docs.native-instruments.com/ni-tech-manuals/ksp-manual/en/engine-parameters#modulation-102089
$ENGINE_PAR_HOLD_UNIT	Modulation	0	mirror/outbox; no engine consumer	no applied value law	https://docs.native-instruments.com/ni-tech-manuals/ksp-manual/en/engine-parameters#modulation-102089
$ENGINE_PAR_DECAY	Modulation	2560	conditional specialized	2^(v*(log2(25002)-1)/1000000+1)-2 ms; ENV_AHDSR hash only	https://docs.native-instruments.com/ni-tech-manuals/ksp-manual/en/engine-parameters#modulation-102089
$ENGINE_PAR_DECAY_UNIT	Modulation	0	mirror/outbox; no engine consumer	no applied value law	https://docs.native-instruments.com/ni-tech-manuals/ksp-manual/en/engine-parameters#modulation-102089
$ENGINE_PAR_SUSTAIN	Modulation	715	conditional specialized	(v/1000000)^3; rounded to 0.001 amplitude; unmeasured	https://docs.native-instruments.com/ni-tech-manuals/ksp-manual/en/engine-parameters#modulation-102089
$ENGINE_PAR_RELEASE	Modulation	885	conditional specialized	2^(v*(log2(25002)-1)/1000000+1)-2 ms; ENV_AHDSR hash only	https://docs.native-instruments.com/ni-tech-manuals/ksp-manual/en/engine-parameters#modulation-102089
$ENGINE_PAR_RELEASE_UNIT	Modulation	0	mirror/outbox; no engine consumer	no applied value law	https://docs.native-instruments.com/ni-tech-manuals/ksp-manual/en/engine-parameters#modulation-102089
$ENGINE_PAR_ENV_AHD	Modulation	0	mirror/outbox; no engine consumer	no applied value law	https://docs.native-instruments.com/ni-tech-manuals/ksp-manual/en/engine-parameters#modulation-102089
$ENGINE_PAR_DECAY1	Modulation	0	mirror/outbox; no engine consumer	no applied value law	https://docs.native-instruments.com/ni-tech-manuals/ksp-manual/en/engine-parameters#modulation-102089
$ENGINE_PAR_DECAY1_UNIT	Modulation	0	mirror/outbox; no engine consumer	no applied value law	https://docs.native-instruments.com/ni-tech-manuals/ksp-manual/en/engine-parameters#modulation-102089
$ENGINE_PAR_BREAK	Modulation	0	mirror/outbox; no engine consumer	no applied value law	https://docs.native-instruments.com/ni-tech-manuals/ksp-manual/en/engine-parameters#modulation-102089
$ENGINE_PAR_DECAY2	Modulation	0	mirror/outbox; no engine consumer	no applied value law	https://docs.native-instruments.com/ni-tech-manuals/ksp-manual/en/engine-parameters#modulation-102089
$ENGINE_PAR_DECAY2_UNIT	Modulation	0	mirror/outbox; no engine consumer	no applied value law	https://docs.native-instruments.com/ni-tech-manuals/ksp-manual/en/engine-parameters#modulation-102089
$ENGINE_PAR_ENV_DBD_EASY	Modulation	0	mirror/outbox; no engine consumer	no applied value law	https://docs.native-instruments.com/ni-tech-manuals/ksp-manual/en/engine-parameters#modulation-102089
$ENGINE_PAR_FLEXENV_LOOP	Modulation	0	mirror/outbox; no engine consumer	no applied value law	https://docs.native-instruments.com/ni-tech-manuals/ksp-manual/en/engine-parameters#modulation-102089
$ENGINE_PAR_FLEXENV_ONESHOT	Modulation	0	mirror/outbox; no engine consumer	no applied value law	https://docs.native-instruments.com/ni-tech-manuals/ksp-manual/en/engine-parameters#modulation-102089
$ENGINE_PAR_FLEXENV_NUM_STAGES	Modulation	0	mirror/outbox; no engine consumer	no applied value law	https://docs.native-instruments.com/ni-tech-manuals/ksp-manual/en/engine-parameters#modulation-102089
$ENGINE_PAR_FLEXENV_LOOP_START	Modulation	0	mirror/outbox; no engine consumer	no applied value law	https://docs.native-instruments.com/ni-tech-manuals/ksp-manual/en/engine-parameters#modulation-102089
$ENGINE_PAR_FLEXENV_LOOP_END	Modulation	0	mirror/outbox; no engine consumer	no applied value law	https://docs.native-instruments.com/ni-tech-manuals/ksp-manual/en/engine-parameters#modulation-102089
$ENGINE_PAR_FLEXENV_STAGE_TIME	Modulation	0	mirror/outbox; no engine consumer	no applied value law	https://docs.native-instruments.com/ni-tech-manuals/ksp-manual/en/engine-parameters#modulation-102089
$ENGINE_PAR_FLEXENV_STAGE_LEVEL	Modulation	0	mirror/outbox; no engine consumer	no applied value law	https://docs.native-instruments.com/ni-tech-manuals/ksp-manual/en/engine-parameters#modulation-102089
$ENGINE_PAR_FLEXENV_STAGE_SLOPE	Modulation	0	mirror/outbox; no engine consumer	no applied value law	https://docs.native-instruments.com/ni-tech-manuals/ksp-manual/en/engine-parameters#modulation-102089
$ENGINE_PAR_ENVF_ATTACK	Modulation	0	mirror/outbox; no engine consumer	no applied value law	https://docs.native-instruments.com/ni-tech-manuals/ksp-manual/en/engine-parameters#modulation-102089
$ENGINE_PAR_ENVF_RELEASE	Modulation	0	mirror/outbox; no engine consumer	no applied value law	https://docs.native-instruments.com/ni-tech-manuals/ksp-manual/en/engine-parameters#modulation-102089
$ENGINE_PAR_ENVF_GAIN_BOOST	Modulation	0	mirror/outbox; no engine consumer	no applied value law	https://docs.native-instruments.com/ni-tech-manuals/ksp-manual/en/engine-parameters#modulation-102089
$ENGINE_PAR_ENVF_ADAPTION	Modulation	0	mirror/outbox; no engine consumer	no applied value law	https://docs.native-instruments.com/ni-tech-manuals/ksp-manual/en/engine-parameters#modulation-102089
$ENGINE_PAR_INTMOD_FREQUENCY	Modulation	3	mirror/outbox; no engine consumer	no applied value law	https://docs.native-instruments.com/ni-tech-manuals/ksp-manual/en/engine-parameters#modulation-102089
$ENGINE_PAR_INTMOD_FREQUENCY_UNIT	Modulation	2	mirror/outbox; no engine consumer	no applied value law	https://docs.native-instruments.com/ni-tech-manuals/ksp-manual/en/engine-parameters#modulation-102089
$ENGINE_PAR_LFO_DELAY	Modulation	3	mirror/outbox; no engine consumer	no applied value law	https://docs.native-instruments.com/ni-tech-manuals/ksp-manual/en/engine-parameters#modulation-102089
$ENGINE_PAR_LFO_DELAY_UNIT	Modulation	0	mirror/outbox; no engine consumer	no applied value law	https://docs.native-instruments.com/ni-tech-manuals/ksp-manual/en/engine-parameters#modulation-102089
$ENGINE_PAR_LFO_PHASE	Modulation	1	mirror/outbox; no engine consumer	no applied value law	https://docs.native-instruments.com/ni-tech-manuals/ksp-manual/en/engine-parameters#modulation-102089
$ENGINE_PAR_INTMOD_PULSEWIDTH	Modulation	2	mirror/outbox; no engine consumer	no applied value law	https://docs.native-instruments.com/ni-tech-manuals/ksp-manual/en/engine-parameters#modulation-102089
$ENGINE_PAR_LFO_SINE	Modulation	3	mirror/outbox; no engine consumer	no applied value law	https://docs.native-instruments.com/ni-tech-manuals/ksp-manual/en/engine-parameters#modulation-102089
$ENGINE_PAR_LFO_RECT	Modulation	3	mirror/outbox; no engine consumer	no applied value law	https://docs.native-instruments.com/ni-tech-manuals/ksp-manual/en/engine-parameters#modulation-102089
$ENGINE_PAR_LFO_TRI	Modulation	3	mirror/outbox; no engine consumer	no applied value law	https://docs.native-instruments.com/ni-tech-manuals/ksp-manual/en/engine-parameters#modulation-102089
$ENGINE_PAR_LFO_SAW	Modulation	3	mirror/outbox; no engine consumer	no applied value law	https://docs.native-instruments.com/ni-tech-manuals/ksp-manual/en/engine-parameters#modulation-102089
$ENGINE_PAR_LFO_RAND	Modulation	3	mirror/outbox; no engine consumer	no applied value law	https://docs.native-instruments.com/ni-tech-manuals/ksp-manual/en/engine-parameters#modulation-102089
$ENGINE_PAR_LFO_NORMALIZE	Modulation	0	mirror/outbox; no engine consumer	no applied value law	https://docs.native-instruments.com/ni-tech-manuals/ksp-manual/en/engine-parameters#modulation-102089
$ENGINE_PAR_STEPSEQ_NUM_STEPS	Modulation	0	mirror/outbox; no engine consumer	no applied value law	https://docs.native-instruments.com/ni-tech-manuals/ksp-manual/en/engine-parameters#modulation-102089
$ENGINE_PAR_STEPSEQ_ONESHOT	Modulation	0	mirror/outbox; no engine consumer	no applied value law	https://docs.native-instruments.com/ni-tech-manuals/ksp-manual/en/engine-parameters#modulation-102089
$ENGINE_PAR_STEPSEQ_STEP_VALUE	Modulation	0	mirror/outbox; no engine consumer	no applied value law	https://docs.native-instruments.com/ni-tech-manuals/ksp-manual/en/engine-parameters#modulation-102089
$ENGINE_PAR_GLIDE_COEF	Modulation	0	mirror/outbox; no engine consumer	no applied value law	https://docs.native-instruments.com/ni-tech-manuals/ksp-manual/en/engine-parameters#modulation-102089
$ENGINE_PAR_GLIDE_COEF_UNIT	Modulation	0	mirror/outbox; no engine consumer	no applied value law	https://docs.native-instruments.com/ni-tech-manuals/ksp-manual/en/engine-parameters#modulation-102089
$ENGINE_PAR_EFFECT_TYPE	Module Types and Subtypes	370	mirror/outbox; no engine consumer	no applied value law	https://docs.native-instruments.com/ni-tech-manuals/ksp-manual/en/engine-parameters#module-types-and-subtypes
$ENGINE_PAR_SEND_EFFECT_TYPE	Module Types and Subtypes	372	mirror/outbox; no engine consumer	no applied value law	https://docs.native-instruments.com/ni-tech-manuals/ksp-manual/en/engine-parameters#module-types-and-subtypes
$ENGINE_PAR_EFFECT_SUBTYPE	Module Types and Subtypes	6	mirror/outbox; no engine consumer	no applied value law	https://docs.native-instruments.com/ni-tech-manuals/ksp-manual/en/engine-parameters#module-types-and-subtypes
$ENGINE_PAR_INTMOD_TYPE	Module Types and Subtypes	0	mirror/outbox; no engine consumer	no applied value law	https://docs.native-instruments.com/ni-tech-manuals/ksp-manual/en/engine-parameters#module-types-and-subtypes
$ENGINE_PAR_INTMOD_SUBTYPE	Module Types and Subtypes	0	mirror/outbox; no engine consumer	no applied value law	https://docs.native-instruments.com/ni-tech-manuals/ksp-manual/en/engine-parameters#module-types-and-subtypes
$ENGINE_PAR_START_CRITERIA_MODE	Group Start Options	0	mirror/outbox; no engine consumer	no applied value law	https://docs.native-instruments.com/ni-tech-manuals/ksp-manual/en/engine-parameters#group-start-options
$ENGINE_PAR_START_CRITERIA_KEY_MIN	Group Start Options	0	mirror/outbox; no engine consumer	no applied value law	https://docs.native-instruments.com/ni-tech-manuals/ksp-manual/en/engine-parameters#group-start-options
$ENGINE_PAR_START_CRITERIA_KEY_MAX	Group Start Options	0	mirror/outbox; no engine consumer	no applied value law	https://docs.native-instruments.com/ni-tech-manuals/ksp-manual/en/engine-parameters#group-start-options
$ENGINE_PAR_START_CRITERIA_CONTROLLER	Group Start Options	0	mirror/outbox; no engine consumer	no applied value law	https://docs.native-instruments.com/ni-tech-manuals/ksp-manual/en/engine-parameters#group-start-options
$ENGINE_PAR_START_CRITERIA_CC_MIN	Group Start Options	0	mirror/outbox; no engine consumer	no applied value law	https://docs.native-instruments.com/ni-tech-manuals/ksp-manual/en/engine-parameters#group-start-options
$ENGINE_PAR_START_CRITERIA_CC_MAX	Group Start Options	0	mirror/outbox; no engine consumer	no applied value law	https://docs.native-instruments.com/ni-tech-manuals/ksp-manual/en/engine-parameters#group-start-options
$ENGINE_PAR_START_CRITERIA_CYCLE_CLASS	Group Start Options	0	mirror/outbox; no engine consumer	no applied value law	https://docs.native-instruments.com/ni-tech-manuals/ksp-manual/en/engine-parameters#group-start-options
$ENGINE_PAR_START_CRITERIA_ZONE_IDX	Group Start Options	0	mirror/outbox; no engine consumer	no applied value law	https://docs.native-instruments.com/ni-tech-manuals/ksp-manual/en/engine-parameters#group-start-options
$ENGINE_PAR_START_CRITERIA_SLICE_IDX	Group Start Options	0	mirror/outbox; no engine consumer	no applied value law	https://docs.native-instruments.com/ni-tech-manuals/ksp-manual/en/engine-parameters#group-start-options
$ENGINE_PAR_START_CRITERIA_SEQ_ONLY	Group Start Options	0	mirror/outbox; no engine consumer	no applied value law	https://docs.native-instruments.com/ni-tech-manuals/ksp-manual/en/engine-parameters#group-start-options
$ENGINE_PAR_START_CRITERIA_NEXT_CRIT	Group Start Options	0	mirror/outbox; no engine consumer	no applied value law	https://docs.native-instruments.com/ni-tech-manuals/ksp-manual/en/engine-parameters#group-start-options
